-- MySQL dump 10.13  Distrib 8.0.24, for macos11 (x86_64)
--
-- Host: 127.0.0.1    Database: db_study3
-- ------------------------------------------------------
-- Server version	8.0.32

/*!40101 SET @OLD_CHARACTER_SET_CLIENT=@@CHARACTER_SET_CLIENT */;
/*!40101 SET @OLD_CHARACTER_SET_RESULTS=@@CHARACTER_SET_RESULTS */;
/*!40101 SET @OLD_COLLATION_CONNECTION=@@COLLATION_CONNECTION */;
/*!50503 SET NAMES utf8 */;
/*!40103 SET @OLD_TIME_ZONE=@@TIME_ZONE */;
/*!40103 SET TIME_ZONE='+00:00' */;
/*!40014 SET @OLD_UNIQUE_CHECKS=@@UNIQUE_CHECKS, UNIQUE_CHECKS=0 */;
/*!40014 SET @OLD_FOREIGN_KEY_CHECKS=@@FOREIGN_KEY_CHECKS, FOREIGN_KEY_CHECKS=0 */;
/*!40101 SET @OLD_SQL_MODE=@@SQL_MODE, SQL_MODE='NO_AUTO_VALUE_ON_ZERO' */;
/*!40111 SET @OLD_SQL_NOTES=@@SQL_NOTES, SQL_NOTES=0 */;

--
-- Current Database: `db_study3`
--

CREATE DATABASE /*!32312 IF NOT EXISTS*/ `db_study3` /*!40100 DEFAULT CHARACTER SET utf8mb4 COLLATE utf8mb4_0900_ai_ci */ /*!80016 DEFAULT ENCRYPTION='N' */;

USE `db_study3`;

--
-- Table structure for table `author_mst`
--

DROP TABLE IF EXISTS `author_mst`;
/*!40101 SET @saved_cs_client     = @@character_set_client */;
/*!50503 SET character_set_client = utf8mb4 */;
CREATE TABLE `author_mst` (
  `author_id` int NOT NULL AUTO_INCREMENT,
  `author_name` varchar(200) DEFAULT NULL,
  PRIMARY KEY (`author_id`)
) ENGINE=InnoDB AUTO_INCREMENT=1024 DEFAULT CHARSET=utf8mb4 COLLATE=utf8mb4_0900_ai_ci;
/*!40101 SET character_set_client = @saved_cs_client */;

--
-- Dumping data for table `author_mst`
--

LOCK TABLES `author_mst` WRITE;
/*!40000 ALTER TABLE `author_mst` DISABLE KEYS */;
INSERT INTO `author_mst` VALUES (1,'[아시아코치센터] 편집부 엮음'),(2,'[한국삐아제 편집부 편]'),(3,'21세기평화연구소 편'),(4,'C3창작 만화 ; 채영숙 해설'),(5,'E. J. 맥그로 지음 ; 이주희 옮김'),(6,'E.J. 맥그로 지음 ; 이주희 옮김'),(7,'E.J. 맥그로 지음; 이주희 옮김'),(8,'EBS 흙 제작팀 지음'),(9,'J. D. 밴스 지음 ; 김보람 옮김'),(10,'John Ruskin 지음'),(11,'KBS <2TV 생생정보-황금레시피> 제작팀 지음 ; 이밥차 요리연구소 요리'),(12,'L. 프랭크 바움 지음 ; 존 R. 닐 그림 ; 최인자 옮김'),(13,'가노 료이치 지음  ; 한희선 옮김'),(14,'가노 료이치 지음 ; 한희선 옮김'),(15,'가노우치 다쿠야 글 ; 아라카와 미쓰루 그림 ; 정인선 옮김'),(16,'가와하라 마사미 원작 ; 우메다 슌사쿠 글·그림 ; 고대영 옮김'),(17,'가와하라 마사미 원작; 우메다 사쿠 글·그림'),(18,'가키야 미우 지음  ;  송경원 옮김'),(19,'강세형 지음'),(20,'강승호 글 ; 김병하 그림'),(21,'강신주 ... [등] 지음'),(22,'강원희 지음'),(23,'강유일 지음'),(24,'강인선 지음'),(25,'강정 지음'),(26,'강정연 글 ; 김옥재 그림'),(27,'강정연 글 ; 박지혜 그림'),(28,'강정화 지음 ; 이희랑 그림'),(29,'강창훈 글 ; 김창희 그림'),(30,'강창훈 글 ; 토끼도둑 그림'),(31,'개띠랑 지음'),(32,'고구레 다이치 지음 ; 황미숙 옮김'),(33,'고은명 지음 ; 김윤주 그림'),(34,'고재학 지음'),(35,'고정욱'),(36,'고혜정 저'),(37,'고혜정 지음'),(38,'공광규 글 ; 주리 그림'),(39,'공병호 지음'),(40,'공선옥 외 지음; 강우근'),(41,'곽영미 글; 박경민 그림'),(42,'곽영직 글 ; 김은하 [공]글 ; 한상언 그림'),(43,'곽영직 글 ; 최현묵 그림 ; 김은하'),(44,'곽영직 글 ; 한상언 그림 ; 김은하 [공]글'),(45,'구광본 지음'),(46,'구영회 지음'),(47,'구효서[등저]'),(48,'국제아동돕기연합 지음'),(49,'권성희 외 지음 ; 이보람 외 그림'),(50,'권정생 글 ; 김용철 그림'),(51,'권정생 글 ; 정승각 그림'),(52,'권정생 글; 정승각 그림'),(53,'권타오 글 ; 신유미 그림'),(54,'권태문 글 ; 신은균 그림'),(55,'그림 형제 글 ; 유리 슐레비츠 그림.개작 ; 우미경 옮김'),(56,'그림 형제 원작 ; 김인숙 글 ; 이수현 그림'),(57,'그림 형제 원작 ; 서지원 글 ; 정승환 그림'),(58,'그림 형제 지음 ; 완다 가그 그림 ; 고우리 옮김'),(59,'그림 형제 지음; 완다 가그 그림'),(60,'그림형제 지음 ; 완다 가그 그림 ; 고우리 옮김'),(61,'글로리아 웰런 글; 정내현 옮김'),(62,'기무라 유이치 글 ; 하타 고시로 그림 ; 김소연 옮김'),(63,'기쿠치 치키 글·그림 ; 김난주 옮김'),(64,'김경란 글 ; 정지현 그림'),(65,'김경미 글·요리'),(66,'김관욱 지음'),(67,'김규정 글·그림'),(68,'김규태 지음'),(69,'김기봉 지음'),(70,'김난이'),(71,'김남인 지음'),(72,'김다은 지음'),(73,'김동리 지음'),(74,'김동식 지음'),(75,'김동욱 옮김'),(76,'김리라 글 ; 윤지혜 그림'),(77,'김미형 글 ; 이여희 그림'),(78,'김민수 글.사진'),(79,'김병수 지음'),(80,'김봉곤 글 ; 양동석 그림'),(81,'김부식 지음 ; 김학선 엮음 ; 최경아 그림'),(82,'김부식 지음; 최경아 그림'),(83,'김비은 지음'),(84,'김성용; 허재근 [공]지음'),(85,'김성헌 글 ; 카타리나 부쇼프 그림'),(86,'김수영 지음  ; 은정지음 그림'),(87,'김수욱 지음'),(88,'김수희 지음'),(89,'김순희 지음 ; 김다솜 글씨쓴이'),(90,'김승희 지음'),(91,'김영숙'),(92,'김영지 글 ; 손지훈 그림'),(93,'김영태 지음'),(94,'김영한 ; 김종원 [공]지음'),(95,'김옥.. [공]지음 ; 이은천 그림'),(96,'김용옥 글 ; 한창수 그림'),(97,'김우일'),(98,'김우일 글 ; 이형진 그림'),(99,'김유 글  ; 이은주 그림'),(100,'김윤이 지음'),(101,'김은주 지음'),(102,'김이삭 지음 ; 박경민 그림'),(103,'김이설 지음'),(104,'김이하'),(105,'김장호 지음'),(106,'김정미 글 ; 이정은 그림'),(107,'김정미 글; 이정은 그림'),(108,'김종민 글·그림'),(109,'김주덕 글·사진'),(110,'김주원 지음'),(111,'김주환 지음'),(112,'김준현 지음'),(113,'김중혁 지음 ; 정이정 옮김'),(114,'김지수 글; 조준봉 그림'),(115,'김지영 글  ; 신민재 그림'),(116,'김진명 지음'),(117,'김진묵'),(118,'김진묵 지음'),(119,'김진태 지음 ; 성륜 그림'),(120,'김태광'),(121,'김태형 지음'),(122,'김하나 지음'),(123,'김해원 글; 편형규 그림'),(124,'김향금'),(125,'김향금 글 ; 민소정 그림'),(126,'김향금 글; 심미아 그림'),(127,'김형준 지음'),(128,'김호경 ; 어린이독서연구원 [공] 글 ; 노희성 그림'),(129,'김호연 지음'),(130,'김후란 지음'),(131,'김훈 지음'),(132,'김훈...[등]지음'),(133,'김희동 지음'),(134,'꿈꾸는 꼬리연 글 ; 박현자 그림'),(135,'꿈꾸는 뉴런 글 ; 크레파스 그림'),(136,'꿈비행 글·그림'),(137,'나도향 지음 ; 신동욱 엮음'),(138,'나카무라 후미노리 지음'),(139,'나카무라후미노리'),(140,'나카야마 시치리 지음  ; 이연승 옮김'),(141,'남기하 저'),(142,'남회근 지음 ; 신원봉 옮김'),(143,'노대환'),(144,'노대환 글 ; 송지영 그림'),(145,'노선경 글·그림'),(146,'노엄 촘스키 지음 ; 황의방 옮김'),(147,'니콜라 데이비스 글 ; 닉 맬런드 그림 ; 장미란 옮김'),(148,'니콜라 바버'),(149,'니콜라 바버 지음 ; 문정균 옮김'),(150,'니콜라 바버 지음/문정균 옮김'),(151,'닉 다우슨 글 ; 위룽 그림 ; 공경희 옮김'),(152,'다비드 사피어'),(153,'다이앤 애커먼 지음 ; 김명남 옮김'),(154,'다카다 히로유키 지음 ; 심정명 옮김'),(155,'대구광역시'),(156,'대구광역시 [엮음]'),(157,'대구직할시 [편]'),(158,'대런 섄 지음 ; 최수민 옮김'),(159,'데이비드 벨라미 글 ; 페니 단 그림 ; 목정임 옮김'),(160,'도나 타트 지음 ; 허진 옮김'),(161,'도리스 레싱'),(162,'도리스 레싱 ; 안재연 ; 이은정 옮김'),(163,'도정환 저'),(164,'도종환 시  ; 송필용 그림'),(165,'도종환 시 ; 송필용 그림'),(166,'라임 글/배성연 그림'),(167,'락툰 지음'),(168,'레이조 히로코 지음; 사토 유카 그림'),(169,'렌조 미키히코 지음; 정미영 옮김'),(170,'로렌 차일드 지음'),(171,'로버트 J. 윅스 지음 ; 김현정 옮김'),(172,'로버트 T. 캐롤 지음'),(173,'로버트 볼튼 외'),(174,'로셀라 포스토리노 지음  ; 김지우 옮김'),(175,'로이스 페터슨 지음 ; 고수미 옮김'),(176,'로저 하그리브스'),(177,'루스 브라운 글·그림 ; 장미란 옮김'),(178,'루이스 파레 글 ; 구스티 그림 ; 남진희 옮김'),(179,'루카 노벨리'),(180,'루크 쿠프만스 글그림'),(181,'루크 피어슨 원작  ; 스티븐 데이비스 글  ; 시에나 밀러 그림  ; 이수영 옮김'),(182,'루크 피어슨 원작  ; 스티븐 데이비스 글  ; 시에라 밀러 그림  ; 이수영 옮김'),(183,'루크 피어슨 원작  ; 스티븐 데이비스 글  ; 이수영 옮김'),(184,'룰루 델라크레 글·그림 ; 이선영 옮김'),(185,'룰루 델라크레 글·그림; 이선영 옮김'),(186,'류근원 지음; 유명희 그림'),(187,'류석우 글'),(188,'류한수'),(189,'류화선 글 ; 노준구 그림'),(190,'르 클레오지오 저 ; 최수철 옮김'),(191,'르네 지라르 지음 ; 김진식 옮김'),(192,'리나드 바딜 글 ; 바베뜨 매더 그림 ; 조숙희 옮김'),(193,'마르쿠스 아우렐리우스 지음 ; C. 스콧 힉스 외 영역 ; 노혜숙 옮김'),(194,'마르틴 하이데거 지음 ; 최상욱 옮김'),(195,'마리 베르트라 지음'),(196,'마리 베르트라 지음 ; 최정수 옮김'),(197,'마리아 몬테소리 지음 ; 정명진 옮김'),(198,'마리아 블루멘크론 저 ; 유영미 옮김'),(199,'마이크 루피카 글 ; 이원경 옮김'),(200,'마이크 비킹 지음  ; 정여진 옮김'),(201,'마이클 벤슨 지음; 민훈기 옮김'),(202,'마이클 푸어 지음 ; 전행선 옮김'),(203,'마이클 화이트 글·그림 ; 노은정 옮김'),(204,'마종하 지음'),(205,'마쯔오카 세쯔 지음'),(206,'마쿠스 번슨, 이정민 [공]지음 ; 이정민 옮김'),(207,'마크 미오도닉 지음  ; 변정현 옮김'),(208,'마크 에플러 지음 ; 이경식 옮김'),(209,'마틴 젱킨스 글 ; 제인 채프먼 그림 ; 장미란 옮김'),(210,'멜리나 벨로스 지음; 김지선 옮김'),(211,'모리 에토 글 ; 요시다 히사노리 그림 ; 고향옥 옮김'),(212,'모리 히로시 지음 ; 박춘상 옮김'),(213,'모리사와 아키오 지음 ; 이수미 옮김'),(214,'모리스 르블랑 지음 ; 바른번역 옮김'),(215,'모리스 르블랑 지음 ; 성귀수 옮김'),(216,'모리스 샌닥 글·그림 ; 홍연미 옮김'),(217,'모리야 히로시 지음 ; 양원곤 옮김'),(218,'무라카미 하루키 글 ; 안자이 미즈마루 그림 ; 권남희 옮김'),(219,'문가인 지음'),(220,'문경민 지음'),(221,'문삼석 지음; 김혜진 그림'),(222,'미셸 투르니에 지음'),(223,'미셸 투르니에 지음 ; 이규현 옮김'),(224,'미셸 투르니에 지음/이규현 옮김'),(225,'미셸 프란체스코니 글  ; 셀린 마니에 그림  ; 이정주 옮김'),(226,'미셸 프란체스코니 글 ; 셀린 마니에 그림 ; 이정주 옮김'),(227,'미쓰다 신조 지음 ; 현정수 옮김'),(228,'미야베 미유키 지음 ; 김소연 옮김'),(229,'미야자키 마사카츠 지음 ; 황선종 옮김'),(230,'미영순'),(231,'미즈사와 츠카사 지음 ; 심미정 옮김'),(232,'미타무라 다이스케 지음 ; 한종수 옮김'),(233,'민미란...[등]지음'),(234,'민카 켄트 지음 ; 나현진 옮김'),(235,'민현숙 글; 차은실 그림'),(236,'바바라 G. 워커'),(237,'바바라 G. 워커 지음 ; 박혜란 옮김'),(238,'바바라 G. 워커 지음; 박혜란 옮김'),(239,'박관희 지음  변영미 그림'),(240,'박관희 지음; 변영미 그림'),(241,'박민주 글'),(242,'박민호 글 ; 장은주 그림'),(243,'박범신 지음'),(244,'박성완 지음'),(245,'박성철 글 ; 송진우 그림'),(246,'박성호 글  ; 박종연 그림'),(247,'박소명 글 ; 민들레 그림'),(248,'박소영 글; 박지영 그림'),(249,'박수연 글 ; 장라영 그림'),(250,'박안나 글 ; 아나톨리 잇킨 그림'),(251,'박안나 글; 전갑배 그림'),(252,'박영규 글 ; 한창수 그림'),(253,'박영규 지음'),(254,'박영란 글'),(255,'박완서'),(256,'박완서 [글] ; 방민호 논술 ; 이상윤 그림'),(257,'박완서 지음'),(258,'박원순 지음'),(259,'박유미 지음 ; 조재희 그림'),(260,'박윤규 글 ; 이진희 그림'),(261,'박윤희 지음'),(262,'박은지 글·사진'),(263,'박이도 지음'),(264,'박인호...[등]지음'),(265,'박정규 지음'),(266,'박정선 지음 ; 김소은 그림'),(267,'박종성, 윤갑희 [공]지음'),(268,'박주혜 글 ; 유설화 그림'),(269,'박태균 지음'),(270,'박혜선 글 ; 허구 그림'),(271,'박혜선 글; 이장미 그림'),(272,'박혜원 글.요리.사진'),(273,'박혜원 글/정선자 그림'),(274,'반선섭 [외]지음'),(275,'방준호 지음'),(276,'배수아'),(277,'배수아 지음'),(278,'배인숙 지음'),(279,'백가흠 지음'),(280,'백미숙 글; 정성화 그림'),(281,'백승도 글 ; 황유리 그림'),(282,'범엽 지음 ; 장회태자 이현 주석 ; 장은수 옮김'),(283,'베르너 숄츠 지음; 황선상 옮김'),(284,'보리기획 글 ; 박경진 그림'),(285,'봄봄 스토리 글 ; 유영승 그림'),(286,'브라이언 와일드스미스 글.그림 ; 김선애 옮김'),(287,'브리지뜨 라베 ; 미셸 퓌엑 [공]글 ; 쟈크 아잠 그림 ; 장석훈 옮김'),(288,'비키 코브 글 ; 줄리아 고턴 그림 ; 햇살과 나무꾼 옮김'),(289,'빅토리아 칸 지음  ; 정준형 옮김'),(290,'빌헬름 하우프 원작 ; 지혜 글 ; 이종균 그림'),(291,'사식'),(292,'사식 지음 ; 김영수 옮김'),(293,'사식 지음/김영수 옮김'),(294,'사카가미가오리'),(295,'사토 마사루 지음 ; 신정원 옮김'),(296,'샐리 사임스 글 ; 로절린드 비어드쇼 그림 ; 엄혜숙 옮김'),(297,'서귤 지음'),(298,'서명숙 저.'),(299,'서울대학교 동화교육연구팀 글  ; 김천정 그림'),(300,'서울대학교 동화교육연구팀 글  ; 한병호 그림'),(301,'서이나 지음'),(302,'서정오 글 ; 조수진 그림'),(303,'성기홍 지음'),(304,'성석제 지음'),(305,'성혜숙 글 ; 강경선 그림'),(306,'세일러 지음'),(307,'셜리 우즈 지음/브루스 존 우드'),(308,'소노 아야코 지음; 김욱 옮김'),(309,'소재원 지음'),(310,'소중애 글 ; 조윤주 그림'),(311,'소피에 파투스 그림; 음경훈 옮김'),(312,'손동인 글 ; 장선환 그림'),(313,'손봉석 지음'),(314,'송기역 글; 이상엽 사진'),(315,'송승용 지음 ; YoOSARU 카툰'),(316,'송아주 글; 배현선 그림'),(317,'송언 글 ; 윤정주 그림'),(318,'송희진 글·그림 ; 이경혜 옮김'),(319,'수산나 타마로 지음 ; 최정화 옮김'),(320,'수아현 지음'),(321,'수전 그린필드 지음 ; 박경한 옮김'),(322,'수전 페이트런 지음 ; 황윤영 옮김'),(323,'수학노리 ; 채동석 글 ; 김봉호 그림'),(324,'쉬딩바오 지음 ; 양휘웅 옮김'),(325,'슈퇴거, 가브리엘'),(326,'스마콴 글; 장연 옮김'),(327,'스에요시 아키코 글 ; 마키노 스즈코 그림 ; 고향옥 옮김'),(328,'스즈키 히데코 지음 ; 이정환 옮김 ; 금동원 그림'),(329,'시게마츠 기요시 지음; 김은진 옮김'),(330,'시드니 셀던 지음 ; 한명준 편역'),(331,'시린 에바디'),(332,'신나군 지음 ; 김성희 그림'),(333,'신동근 외 지음'),(334,'신동근...[등]지음'),(335,'신상필, 김태영 [공]글 ; 임종철 그림'),(336,'신시아 부조 지음 ; 김형욱 옮김'),(337,'신시아 샤피로 지음  ; 공혜진 옮김'),(338,'신시아 샤피로 지음 ; 공혜진 옮김'),(339,'신시아 샤피로 지음; 공혜진 옮김'),(340,'신여랑 글 ; 정인하 그림'),(341,'신채연 글 ; 권송이 그림'),(342,'신현국 지음'),(343,'신현만 지음'),(344,'신현수 글 ; 지문 그림'),(345,'심상우'),(346,'심후섭'),(347,'쓰루미 다카후미 지음; 김정환 옮김'),(348,'아놀드 로벨 지음'),(349,'아멜리 노통브 지음'),(350,'아멜리 노통브 지음 ; 이상해 옮김'),(351,'아야츠지 유키토 지음 ; 김은모 옮김'),(352,'아이하라 히로유키 지음  ;  황세정 옮김  ;  주간지 다카무 그림'),(353,'아일린 쿠퍼 지음 ; 정선심 옮김 ; 가비 스비아트코브스카 그림'),(354,'안느 드 에닝 글 ; 알린 리키에 그림 ; 이세진 옮김'),(355,'안데르센 원작 ; 비비안 라마르크 글 ; 마리아 바탈리아 그림 ; 정현석 옮김'),(356,'안미경 글 ; 이창준 ; 김형준 [공]그림'),(357,'안미란 글 ; 정인성, 천복주 [공]그림'),(358,'안선모 ; 오진숙 그림'),(359,'안선모 글 ; 오진숙 그림'),(360,'애니타 개너리 글  ; 마이크 필립스 그림  ; 윤소영 옮김'),(361,'애덤 파이필드 지음  ; 김희정 옮김'),(362,'애덤 파이필드 지음 ; 김희정 옮김'),(363,'앤드루 졸리, 앤 마리 힐리 [공]지음 ; 김현정 옮김'),(364,'앤드루 클레먼츠 글 ; 이원경 옮김'),(365,'앤드루 클레먼츠 글; 이원경 옮김'),(366,'야마다 유'),(367,'야마다 유 지음 ; 오유리 옮김'),(368,'야엘 핫산 지음 ; 쥘리앵 카스타니 그림 ; 이효숙 옮김'),(369,'양윤정 지음'),(370,'양혜원 글 ; 박수아 그림'),(371,'어니스트 톰슨 시튼'),(372,'어니스트 톰슨 시튼 지음 ; 장석봉 옮김'),(373,'어린이문화진흥회 지음'),(374,'언니들의 슬기로운 조직생활 지음'),(375,'엄기욱 저'),(376,'엄홍길 글; 이형진 그림'),(377,'에드거 앨런 포 원작  ; 이소영 글  ; 양경미 그림'),(378,'에드거 앨런 포 원작 ; 이소영 글 ; 양경미 그림'),(379,'에르제 글.그림; 류진현'),(380,'에르제 지음'),(381,'에즈러 잭 키츠 글.그림 ; 김희순 옮김'),(382,'엘렌 심 지음'),(383,'엘리자베스 스튜어트 지음 ; 김선영 옮김'),(384,'엘리자베스 패트리지 지음'),(385,'여우별 엮음 ; 강영수 외 그림'),(386,'오가와 토모꼬'),(387,'오구라 히로시 지음 ; 김경원 옮김'),(388,'오길영 지음'),(389,'오노 가오루 글·그림 ; [웅진씽크빅] 편집부 옮김'),(390,'오노 가오루 글│그림 ; [웅진닷컴]편집부 옮김'),(391,'오선화 글; 구작가 그림'),(392,'오수연'),(393,'오수연 지음'),(394,'오신혜 글 ; 최정인 그림'),(395,'오영찬 글 ; 조재룡 ; 이인구 [같이]그림'),(396,'오오데 유카코 글·그린이  ; 김영주 옮김'),(397,'오오데 유카코 글·그림 ; 김영주 옮김'),(398,'오오데 유카코 지음 ; 김영주 옮김'),(399,'오카 슈조 글 ; 다치바나 나오노스케 그림 ; 고향옥 옮김'),(400,'오카다 나오코'),(401,'오혜정 글 ; 최진규 그림'),(402,'온다 리쿠 지음'),(403,'왕야동 글  ; 마이크 샤오쿠이 그림  ; 여승훈 옮김'),(404,'요아힘 페스트 지음 ; 안인희 옮김'),(405,'요안나 에스트렐라 지음 ; 민찬기 옮김'),(406,'요코타 히데키 지음  ; 임해성 옮김'),(407,'우나영 지음'),(408,'우리 오를레브'),(409,'우리누리 글 ; 강미영 ; 강미형 [공]그림'),(410,'우리누리 지음'),(411,'우봉규 지음'),(412,'우에노 요시'),(413,'우에마쓰 츠카사 지음 ; 홍성민 옮김'),(414,'우치다 마사시 지음 ; 양영철 옮김'),(415,'우현옥 글 ; 박지영 그림'),(416,'우현옥 글 ; 현민우 그림'),(417,'우현옥 엮음 ; 윤덕진 그림'),(418,'울프 스타르크 글 ; 안나 회그룬드 그림 ; 최선경 옮김'),(419,'월드워치연구소 엮음; 생태사회연구소'),(420,'웨인 멀러 지음 ; 박윤정 옮김'),(421,'웬디 페퍼 글 ; 제임스 헤일 그림'),(422,'윌리엄 아이리시 지음'),(423,'유시민 지음'),(424,'유용태'),(425,'유평창 지음'),(426,'유호선'),(427,'윤구병 지음'),(428,'윤석중 외 글 ; 정지예 외 그림'),(429,'윤영선 글  ; 이정원 그림'),(430,'윤영선 지음 ; 김무연 그림'),(431,'윤정구 지음'),(432,'윤지연 글; 박찬욱 그림'),(433,'윤채현 ; 김원자 [공]지음'),(434,'윤채현; 김원자 [공]지음'),(435,'윤흥길 지음'),(436,'이가림 지음'),(437,'이강백 지음'),(438,'이경혜 글 ; 니콜라이 야슈크 그림'),(439,'이경혜 글 ; 주리 그림'),(440,'이경화 지음'),(441,'이광수 지음'),(442,'이규희 글 ; 리춘길 그림'),(443,'이규희 엮음 ; 강신광 그림'),(444,'이기철 지음'),(445,'이동재 지음'),(446,'이디스 네스빗 글 ; 구스타브 도레 외 [공]그림 ; 원지인 옮김'),(447,'이매진피스 ; 임영신.이혜영 [공]지음'),(448,'이명구 해설'),(449,'이명랑 글/김용철 그림'),(450,'이명박 지음'),(451,'이문열'),(452,'이문열 지음'),(453,'이미애'),(454,'이미애 글 ; 한병호 그림'),(455,'이미애 지음'),(456,'이미정 그림'),(457,'이브 탈레 글그림'),(458,'이브티하즈 무하마드  ; S.K. 알리 지음  ; 하템 알리 그림  ; 신형건 옮김'),(459,'이브티하즈 무하마드,S. K. 알리 [공]글 ; 하템 알리 그림 ; 신형건 옮김'),(460,'이상 글 ; 한병호 그림'),(461,'이상 지음 ; 신재명 그림'),(462,'이상배 글; 조미자 그림'),(463,'이상헌 지음'),(464,'이상호 씀'),(465,'이상화 글/이지현 그림'),(466,'이석배 지음'),(467,'이솝 원작 ; 푸른숲글방 글 ; 박인숙 그림'),(468,'이순원 글 ; 심홍 ; 이소영 [공] 그림'),(469,'이승은 지음'),(470,'이승헌 지음'),(471,'이승환 지음'),(472,'이시호카 히로구니 지음; 전경아 옮김'),(473,'이신아 글·사진'),(474,'이어령 지음'),(475,'이영민 지음 ; 민재회 그림'),(476,'이영은 새로엮음 ; 박보라 그림'),(477,'이영호 엮음 ; 이희선 그림'),(478,'이와무라 카즈오 글·그림 ; 김숙 옮김'),(479,'이와무라 카즈오 글·그림; 김숙 옮김'),(480,'이외수 지음'),(481,'이원복 지음'),(482,'이원수 외'),(483,'이원준 구성'),(484,'이원호'),(485,'이원호 지음'),(486,'이월화 지음'),(487,'이유나 지음'),(488,'이윤기'),(489,'이윤희 글; 이정아 그림'),(490,'이은경'),(491,'이은재 지음  ;  송효정 그림'),(492,'이인철 지음'),(493,'이장주 지음'),(494,'이재민 기획·글 ; 원유성 그림'),(495,'이재범 지음'),(496,'이정규'),(497,'이주혜 글 ; 사석원 그림'),(498,'이지상'),(499,'이진영 지음'),(500,'이창기 , 윤영채 , 이시경 , 조만형 , 이종열 , 전천운 , 이병렬 , 서휘석 [공]지음'),(501,'이창재 지음'),(502,'이청준'),(503,'이청준 [글] ; 방민호 논술 ; 한용욱 그림'),(504,'이청준 지음'),(505,'이토록 지음'),(506,'이필주 지음'),(507,'이해인 지음'),(508,'이향규 지음'),(509,'이효성 글 ; 이소연 그림'),(510,'이효재 저'),(511,'이효재 지음'),(512,'이효재 콘텐츠 ; 채인선 기획글'),(513,'이흥우 지음'),(514,'이희주 지음'),(515,'인발 아리엘리 지음  ;  김한슬기 옮김'),(516,'일본어공부기술연구소 지음'),(517,'일연 지음 ; 심상우 엮음 ; 최민오 그림'),(518,'일연 지음 ; 이혜경 엮음 ; 서희정 그림'),(519,'일연 지음; 서희정 그림'),(520,'일연 지음; 최민오 그림'),(521,'임무성 지음'),(522,'임병희 글; 김선진 그림'),(523,'임선영 지음'),(524,'임성만 글 ; 이진호 ; 조태겸 [공]그림'),(525,'임영신; 이혜영 [공]지음'),(526,'임정자 지음; 홍선주 그림'),(527,'잉그리트 위베 저 ; 마리아 비스만 그림 ; 문성원 역'),(528,'자크 데리다 지음 ; 남수인 옮김'),(529,'자핑아오 지음 ; 박지민 옮김'),(530,'작가미상 지음'),(531,'장 미셜 빌리우'),(532,'장 클로드 무를르바 글 ; 김주경 옮김 ; 뤼시 알봉 그림'),(533,'장경수 지음'),(534,'장경원 글  ; 이광익 그림'),(535,'장광일 글; 채진석 그림'),(536,'장우주 지음'),(537,'장철문 글 ; 윤미숙 그림'),(538,'장치청 지음 ; 오수현 옮김'),(539,'재니스 A. 스프링 ; 마이클 스프링 지음 ; 정은아 옮김'),(540,'재키 프렌치 지음 ; 기타미 요코 그림 ; 공경희 옮김'),(541,'전경린'),(542,'전경린 지음'),(543,'전다혜 지음 ; 강준구 그림'),(544,'전봉관 지음'),(545,'전상현 , 두경아 [공]지음'),(546,'전승민 지음'),(547,'정경수 지음'),(548,'정구영 ; 박종열 글.사진'),(549,'정근'),(550,'정근 글 ; 이진경 그림'),(551,'정길선'),(552,'정동근'),(553,'정미진 글 ; 구자선 그림'),(554,'정미희 글  ; 경혜원 그림'),(555,'정설아 지음 ; 소윤경 그림'),(556,'정수은 글 ; 김혜영 그림'),(557,'정약용 원저 ; 손주현 글 ; 한동훈 그림'),(558,'정용철 지음'),(559,'정인호 지음'),(560,'정재은 글  ; 에스더 그림'),(561,'정재은 글 ; 김도윤 그림'),(562,'정종목 글 ; 김호민 그림'),(563,'정진 글 ; 고광삼 그림'),(564,'정진영 글'),(565,'정찬 지음'),(566,'정출헌'),(567,'정출헌 글; 김성민 그림'),(568,'정충권 옮김'),(569,'제니 데스몬드 글·그림 ; 이은파 옮김'),(570,'제럴드 맥더멋 글.그림; 서남희 옮김'),(571,'제럴드 맥더멋 글·그림 ; 서남희 옮김'),(572,'제롬 그루프먼 지음 ; 이문희 옮김'),(573,'제바스티안 하프너 지음 ; 안인희 옮김'),(574,'제이슨 굿윈 지음'),(575,'제인 구달 ; 게리 매커보이 ; 게일 허더슨 [공]지음 ; 김은영 옮김'),(576,'제인 구달 ; 세인 메이너드 ; 게일 허드슨 [공]지음 ; 김지선 옮김'),(577,'제인 구달 [외] 지음/김은영 옮'),(578,'제인 구달 저 ; 박순영 옮김'),(579,'제임스 Q. 윌슨 지음 ; 이영란 옮김'),(580,'제천간디학교 엮음'),(581,'제프리 S. 라이프 지음 ; 이하인 옮김'),(582,'조 시게유키'),(583,'조 신타 글│그림 ; 햇살과 나무꾼 옮김'),(584,'조관일 지음'),(585,'조남호 글 ; 김언희 그림'),(586,'조미영 글 ; 조현숙 그림'),(587,'조셉 텔루슈킨 지음 ; 이주만 옮김'),(588,'조영선 글; 이영호 그림'),(589,'조임생'),(590,'조장호 지음'),(591,'조재룡'),(592,'조재성 지음'),(593,'조정래 [지음]'),(594,'조정래 지음'),(595,'조정화 글 ; 퍼니이브 그림'),(596,'조지 S. 클레이슨 지음; 이유경 옮김'),(597,'조지 맥도널드'),(598,'조한경 지음'),(599,'조해진 지음'),(600,'조호상 글 ; 유승하 그림'),(601,'조호상 글/유승하 그림'),(602,'조희정 글 ; 권영묵 그림'),(603,'존 딕슨 카 지음 ; 강호걸 옮김'),(604,'존 딕슨 카 지음/강호걸 옮김'),(605,'존 마리오티 지음 ; 김원호 옮김'),(606,'존 맥닐; 윌리엄 맥닐 [공]지음'),(607,'존 우드'),(608,'존 우드 지음 ; 이명혜 옮김'),(609,'존 크라카우어 지음 ; 김훈 옮김'),(610,'존 폰 뒤펠'),(611,'주경철 지음'),(612,'지빌레 바이쉔베르크'),(613,'지은이: 하군성'),(614,'진은영 지음'),(615,'질 르위스 지음 ; 정선운 옮김'),(616,'차동엽 지음'),(617,'차영민 지음 ; 어진선 일러스트'),(618,'차용구 글 ; 조광현 외 그림'),(619,'채인선 글 ; 김은정 그림 ; 이효재 콘텐츠'),(620,'채인선 기획·글 ; 김은정 그림 ; 이효재 콘텐츠'),(621,'천승세'),(622,'천양희 엮음'),(623,'첼리 두란 라이언 글 ; 아놀드 로벨 그림 ; 정대련 옮김'),(624,'최광호'),(625,'최기억 지음'),(626,'최명길 지음'),(627,'최민희 지음'),(628,'최석태'),(629,'최성수 글 ; 이철민 그림'),(630,'최성수 글; 최수미 그림'),(631,'최원식 엮음'),(632,'최윤정 지음'),(633,'최은규 글 ; 한태희 그림'),(634,'최은규 외 공저 ; 정지영 외 그림'),(635,'최은영 지음  ; 배현정 그림'),(636,'최은영 지음; 유설화 그림'),(637,'최정원 글 ; 박해랑 그림'),(638,'최종남 지음'),(639,'최형주 해역'),(640,'최희봉 지음'),(641,'추수진 글 ; 이소영 그림'),(642,'카트린 미소니에'),(643,'칼 번스타인'),(644,'캐서린 라이언 하이드 지음 ; 김지현 옮김'),(645,'캐시 애론슨 지음 ; 김미경 옮김'),(646,'캐시애론슨'),(647,'케이트 로언 글 ; 윤소영 옮김 ; 캐서린 맥윈 그림'),(648,'코믹컴 글 ; 정준규 그림'),(649,'콜린 호킨스 지음'),(650,'크리스 버터워스 글 ; 케이트 넬름스 그림 ; 고정아 옮김'),(651,'크리스털 림 랭  ; 그레고르 림 랭 지음  ; 박선령 옮김'),(652,'클레어 헬렌 웰시 글 ; 올리비에 탈레크 그림 ; 노은정 옮김'),(653,'클리트 배럿 스미스 글 ; 장현주 옮김 ; 박정섭 그림'),(654,'탁현민 지음'),(655,'투르니에, 미셸'),(656,'틱낫한 지음 ; 진우기 옮김'),(657,'틱낫한 지음/진우기 옮김'),(658,'파니 졸리 글 ; 드니즈 미예 [공]그림 ; 클로드 미예 ; 조현실 역'),(659,'파멜라 힐 네틀턴 글; 베키 샤이프 그림'),(660,'파울로 코엘료 지음  ; 박경희 옮김'),(661,'파울로 코엘료 지음 ; 장소미 옮김'),(662,'파쯔 로데로 ; 아르카디오 로바토 그림'),(663,'페트라 켈리 지음 ; 이수영 옮김'),(664,'폴 오스터 지음 ; 황보석 옮김'),(665,'폴 오스터 지음/김석희 옮김'),(666,'프란츠 카프카 지음'),(667,'프랑수아 가르드 지음 ; 성귀수 옮김'),(668,'프뢰벨 유아교육연구소 글 ; 유진희 그림'),(669,'프뢰벨유아교육연구소 글; 박찬욱 그림'),(670,'프리모 레비 지음; 이소영 옮김'),(671,'피오나 워터스'),(672,'피터 래퍼티 저 ; 구자현 번역'),(673,'필립 델브스 브러턴 지음 ; 박영준 옮김'),(674,'필립 볼 지음 ; 조민웅 옮김'),(675,'필립 풀먼 지음 ; 이창식 옮김'),(676,'하근찬 글 ; 강우현 그림'),(677,'하근찬 글 ; 주미혜 그림'),(678,'하근찬 지음; 강우현 그림'),(679,'하야시 아츠무 지음 ; 박종민 옮김'),(680,'하우프 원작; 조경숙 글'),(681,'하일식 글'),(682,'한강 지음'),(683,'한강 지음 ; 전승희 옮김'),(684,'한강 지음 ; 차미혜 사진'),(685,'한국물리학회 지음; 한국과학문화재단 기획'),(686,'한국지방자치연구원 [편]'),(687,'한만수 지음'),(688,'한상복 ; 박현찬 지음'),(689,'한승원 [지음]'),(690,'한승원 지음'),(691,'한승원 지음 ; 정현주 그림'),(692,'한승원 지음/정현주 그림'),(693,'한자교연 구성 ; 오성수 만화'),(694,'한정영 지음'),(695,'함영연'),(696,'함영연 글 ; 박철민 그림'),(697,'함영연 글/박철민 그림'),(698,'함영연 지음'),(699,'행정자치부 [편]'),(700,'허무펑 지음 ; 류방승 옮김'),(701,'허은순 글 ; 김이조 그림'),(702,'허은순 글; 김이조 그림'),(703,'허진모 지음'),(704,'헤르만 지몬 지음 ; 이미옥 옮김'),(705,'헤르만 헤세'),(706,'헤르만 헤세 저 ; 김누리 옮김'),(707,'헤르만 헤세 지음 ; 김누리 옮김'),(708,'헤르만 헤세 지음/김누리 옮김'),(709,'헨리 애슈비 터너 2세 지음 ; 윤길순 옮김'),(710,'홍석준 지음'),(711,'홍석중 저'),(712,'홍윤희 엮음 ; 강영수 그림'),(713,'홍은경 글 ; 정민아 그림'),(714,'홍은희 지음'),(715,'홍주현 지음'),(716,'홍춘욱 지음'),(717,'황경 글 ; 박성완 그림'),(718,'황명걸'),(719,'황석영 [지음]'),(720,'황석영 지음'),(721,'황석우 지음'),(722,'황시내 지음'),(723,'황인찬 지음'),(724,'황진이 ; 문화영 [같이]지음'),(725,'황혜주 지음'),(726,'후나바시 요이치 지음 ; 이동주 옮김'),(727,'후나바시 요이치 지음 ; 이해영 옮김'),(728,'후루이치 노리토시, 혼다 유키 지음 ; 이언숙 옮김'),(729,'후쿠다 다카히로 글 ; 김보경 옮김'),(730,'흔한남매 원작  ;  김승자  ;  정미화 지음  ;  투윙스  ;  유영근 그림'),(731,'흔한남매 원작  ;  백난도 글  ;  유난희 그림'),(732,'흔한남매 원작  ;  백난도 글  ;  유난희 그림.'),(733,'흔한남매 원작  ; 백난도 글  ; 유난희 그림'),(734,'흔한남매 원작  ; 백난도 글  ; 유난희 그림.'),(735,'흔한남매 원작 ; 백난도 글 ; 유난희 그림'),(736,'흔한남매 원저  ; 백난도 지음  ; 유난희 그림'),(737,'히가시노 게이고'),(738,'히가시노 게이고 지음  ; 임경화 옮김'),(739,'히가시노 게이고 지음 ; 임경화 옮김'),(740,'히구치 유미코 지음 ; 강수현 옮김'),(741,'히말라야 커피로드 제작진 지음'),(742,'힐러리 로댐 클린턴 지음 ; 김석희 옮김'),(743,'힐러리 클린턴 지음; 이인석'),(744,'具然昌 著'),(745,'姜信沆 著'),(746,'富民文化社 篇'),(747,'成光鉉 저'),(748,'曺允承 著'),(749,'李玉東 著'),(750,'草黨글방 글; 서숙희 그림'),(751,'草黨글방 글; 이상미 그림'),(752,'許洪九 編著'),(753,'金英晴 著');
/*!40000 ALTER TABLE `author_mst` ENABLE KEYS */;
UNLOCK TABLES;

--
-- Table structure for table `library_mst`
--

DROP TABLE IF EXISTS `library_mst`;
/*!40101 SET @saved_cs_client     = @@character_set_client */;
/*!50503 SET character_set_client = utf8mb4 */;
CREATE TABLE `library_mst` (
  `순번` int NOT NULL AUTO_INCREMENT,
  `도서관명` varchar(200) DEFAULT NULL,
  `구분` varchar(45) DEFAULT NULL,
  `도서명` varchar(200) DEFAULT NULL,
  `저작자` int DEFAULT NULL,
  `출판사` int DEFAULT NULL,
  `발행연도` varchar(45) DEFAULT NULL,
  `청구기호` varchar(200) DEFAULT NULL,
  PRIMARY KEY (`순번`)
) ENGINE=InnoDB AUTO_INCREMENT=1001 DEFAULT CHARSET=utf8mb4 COLLATE=utf8mb4_0900_ai_ci;
/*!40101 SET character_set_client = @saved_cs_client */;

--
-- Dumping data for table `library_mst`
--

LOCK TABLES `library_mst` WRITE;
/*!40000 ALTER TABLE `library_mst` DISABLE KEYS */;
INSERT INTO `library_mst` VALUES (1,'이곡2동작은도서관','300(사회)','가까운 날들의 사회학 : 가장 익숙한 곳에서 발견하는 새로운 생각들',559,320,'2',''),(2,'용산1동작은도서관','400(순수)','우리 역사 속 수학 이야기 : 흥미로운 조상들의 수학을 찾아서',493,202,'203',''),(3,'이곡2동작은도서관','300(사회)','오늘이 : 서정오 선생님이 들려주는 우리 신화',302,179,'207',''),(4,'이곡2동작은도서관','400(순수)','누가 벌레를 사랑할까',135,435,'209',''),(5,'이곡2동작은도서관','800(문학)','힙합 독수리',268,195,'2019',''),(6,'장기동작은도서관','800(문학)','힘이 센 단짝이 있다면',642,37,'2008',''),(7,'용산1동작은도서관','800(문학)','힘이 세서 미안해!',168,26,'2009',''),(8,'이곡2동작은도서관','100(철학)','힘이 되는 말, 독이 되는 말 : 상처 주지 않고 미움 받지 않는 인간관계의 지혜',587,133,'2019',''),(9,'이곡2동작은도서관','800(문학)','힘이 되는 가족',37,67,'2005',''),(10,'이곡2동작은도서관','800(문학)','힘이 되는 가족',37,67,'2005',''),(11,'학산작은도서관','800(문학)','힘이 되는 가족',36,66,'2005','818-고94ㅎ'),(12,'학산작은도서관','800(문학)','힘의 포획 : 오길영 평론집',388,208,'2015','813.609-오18ㅎ'),(13,'용산1동작은도서관','800(문학)','힘을 보여 주마:',239,353,'2008',''),(14,'용산1동작은도서관','800(문학)','힘을 보여 주마 : 박관희 동화집',240,353,'2007',''),(15,'행정정보문고센터','800(문학)','힘센차사우루스의 보물찾기',203,343,'2018','843-화68ㅎ'),(16,'이곡2동작은도서관','800(문학)','힘센차사우루스의 보물찾기',203,343,'2018',''),(17,'이곡2동작은도서관','800(문학)','힘센차사우루스',203,343,'2018',''),(18,'이곡2동작은도서관','800(문학)','힘센 전강동이와 누나',600,314,'2003',''),(19,'용산1동작은도서관','800(문학)','힘센 전강동이와 누나',601,310,'2008',''),(20,'이곡2동작은도서관','800(문학)','힘센 수탉을 이긴 개똥이. 3',358,288,'2003',''),(21,'행정정보문고센터','800(문학)','힘센 수탉을 이긴 개똥이',359,214,'2008','813.8-안54ㅎ'),(22,'이곡2동작은도서관','100(철학)','힘센 사람이 이기는 건 이제 끝. 4',287,239,'2005',''),(23,'이곡2동작은도서관','300(사회)','힘센 며느리의 소 길들이기. 39',125,37,'2006',''),(24,'장기동작은도서관','300(사회)','힘센 며느리의 소 길들이기',124,37,'2008',''),(25,'장기동작은도서관','300(사회)','힘세씨 EQ의 천재들 25',176,303,'2008',''),(26,'용산1동작은도서관','300(사회)','힘들지만 공부해야 하는 이유 30가지',445,369,'2006',''),(27,'이곡2동작은도서관','800(문학)','힘들어도 괜찮아',399,314,'2007',''),(28,'행정정보문고센터','100(철학)','힘들 땐 그냥 울어 : 세상의 모든 것은 당신을 응원하기 위해 존재한다',328,346,'2009','199.1-스77ㅎ'),(29,'장기동작은도서관','100(철학)','힘들 때 한 걸음만 더 뛰어 봐! : 인생을 성공으로 이끌어 주는 마법 같은 주문',235,211,'2008',''),(30,'행정정보문고센터','500(기술)','힘든 하루였으니까, 이완 연습 : 파김치 직장인을 위한 43가지 처방전',259,436,'2020','517.32-박66ㅎ'),(31,'장기동작은도서관','100(철학)','힘든 시간을 이겨내는 10가지 방법',171,183,'2014',''),(32,'행정정보문고센터','800(문학)','힘든 날들은 벽이 아니라 문이다 : 미래가 불안한 청년들을 위한 지리산 세레나데',46,66,'2015','818-구64ㅎ'),(33,'학산작은도서관','200(종교)','힘내요! 수험생 : 하나님과 동행하며 만들어 가는 수험생 묵상집',1,374,'2015','234-아58ㅎ'),(34,'장기동작은도서관','800(문학)','힘내세요, 아빠 : 당신과 함께라면 무엇이든 할 수 있습니다',210,7,'2012',''),(35,'용산1동작은도서관','800(문학)','힘내세요, 아빠 : 당신과 함께라면 무엇이든 할 수 있습니다',210,7,'2012',''),(36,'이곡2동작은도서관','400(순수)','힘내라, 판다',151,311,'2017',''),(37,'이곡2동작은도서관','300(사회)','힘내라, 우리가족',425,125,'2005',''),(38,'이곡2동작은도서관','800(문학)','힘내라! 공팔일삼!',341,329,'2016',''),(39,'용산1동작은도서관','800(문학)','힘내라 대한민국!! : 나라 일 참견하기 좋아하는 고딩의 좌충우돌 정책활동기',275,237,'2009',''),(40,'용산1동작은도서관','400(순수)','힘과 운동 뛰어넘기',685,35,'2009',''),(41,'이곡2동작은도서관','000(총류)','힘과 운동',672,313,'2004',''),(42,'이곡2동작은도서관','400(순수)','힘과 운동',543,234,'2008',''),(43,'장기동작은도서관','000(총류)','힘과 에너지',285,269,'2015',''),(44,'용산1동작은도서관','200(종교)','힘/Power',657,136,'2008',''),(45,'행정정보문고센터','800(문학)','힘 빼기의 기술 : 카피라이터 김하나의 유연한 일상',122,250,'2017','814.7-김92ㅎ'),(46,'장기동작은도서관','800(문학)','힘 빼기의 기술 : 카피라이터 김하나의 유연한 일상',122,250,'2017',''),(47,'학산작은도서관','800(문학)','힘 빼기의 기술 : 카피라이터 김하나의 유연한 일상',122,250,'2017','814.7-김92ㅎ'),(48,'이곡2동작은도서관','100(철학)','힘 되는 논어 한 문장',335,187,'2015',''),(49,'행정정보문고센터','200(종교)','힘 : 삶을 바꿀 수 있는 힘, 내 안에 있다',656,136,'2004','220.4-틱19ㅎ'),(50,'행정정보문고센터','200(종교)','힘 : 삶을 바꿀 수 있는 힘, 내 안에 있다',656,136,'2004','220.4-틱19ㅎ=2'),(51,'이곡2동작은도서관','800(문학)','힐빌리의 노래 : 위기의 가정과 문화에 대한 회고',9,439,'2017',''),(52,'행정정보문고센터','100(철학)','힐링을 노래하라 : 임상심리전문가 문가인의 셀프힐링 북',219,225,'2019','186.5-문12ㅎ'),(53,'학산작은도서관','300(사회)','힐링 캠퍼스, 맥길(McGill) 을 가다',533,34,'2015','377.8-장14ㅎ'),(54,'행정정보문고센터','100(철학)','힐링 소사이어티 = Healing society',470,411,'2001','187.5-이57ㅎ=2'),(55,'용산1동작은도서관','100(철학)','힐링 멘토 : 청소년을 위한 유쾌한 감성 멘토링',391,377,'2012',''),(56,'장기동작은도서관','500(기술)','힐링 가든 : 정직한 땀과 꽃·나무·흙의 기운으로 나를 풍요롭게 가꾼다',109,82,'2008',''),(57,'장기동작은도서관','800(문학)','힐링 : 마침표가 아니라 쉼표가 된 문장들',243,294,'2014',''),(58,'용산1동작은도서관','800(문학)','힐링 : 마침표가 아니라 쉼표가 된 문장들',243,294,'2014',''),(59,'학산작은도서관','800(문학)','힐링 : 마침표가 아니라 쉼표가 된 문장들',243,294,'2014','814.6-박44ㅎ'),(60,'이곡2동작은도서관','100(철학)','힐러리처럼 일하고 콘디처럼 승리하라 : 세계의 1％, 최고들에게 배워온 치열한 자기 혁신법',24,315,'2006',''),(61,'행정정보문고센터','300(사회)','힐러리처럼 일하고 콘디처럼 승리하라 : 세계의 1％, 최고들에게 배워온 치열한 자기 혁신법',24,315,'2008','325.04-강68ㅎ'),(62,'장기동작은도서관','300(사회)','힐러리의 삶',643,424,'2008',''),(63,'장기동작은도서관','700(언어)','힐러리 클린턴 살아있는 영어',743,127,'2009',''),(64,'행정정보문고센터','300(사회)','힐러리 로댐 클린턴 살아 있는 역사. 2',742,310,'2003','340.99-클29ㅎ-2'),(65,'행정정보문고센터','300(사회)','힐러리 로댐 클린턴 살아 있는 역사. 2',742,310,'2003','340.99-클29ㅎ-2=2'),(66,'행정정보문고센터','300(사회)','힐러리 로댐 클린턴 살아 있는 역사. 1',742,310,'2003','340.99-클29ㅎ-1'),(67,'행정정보문고센터','300(사회)','힐러리 로댐 클린턴 살아 있는 역사. 1',742,310,'2003','340.99-클29ㅎ-1=2'),(68,'이곡2동작은도서관','800(문학)','힐러 아이나=Aina the Healer : 사랑으로 세상을 바꾼 아이',86,63,'2021',''),(69,'용산1동작은도서관','800(문학)','힐라볼라 둥둥둥',332,195,'2017',''),(70,'이곡2동작은도서관','800(문학)','힐드리드 할머니와 밤',623,251,'2003',''),(71,'용산1동작은도서관','800(문학)','힐드리드 할머니와 밤',348,251,'2008',''),(72,'용산1동작은도서관','800(문학)','힐다, 집요정의 공간으로 빨려 들어가다',181,352,'2019',''),(73,'용산1동작은도서관','800(문학)','힐다, 엘프 왕을 찾아 떠나다',183,352,'2020',''),(74,'용산1동작은도서관','800(문학)','힐다, 거대한 새를 타고 하늘을 날다',182,352,'2019',''),(75,'행정정보문고센터','300(사회)','힐 더 월드 : 세상을 치유하는 따뜻한 지식 = Heal the world',48,143,'2008','309.3-국74ㅎ'),(76,'학산작은도서관','800(문학)','힌트는 도련님 : 백가흠 소설집',279,142,'2011','813.6-백12ㅎ'),(77,'이곡2동작은도서관','000(총류)','힌두교의 나라 인도',354,195,'2007',''),(78,'용산1동작은도서관','200(종교)','힌두교 : 한눈에 보는 힌두교의 세계',283,296,'2007',''),(79,'이곡2동작은도서관','500(기술)','히히 내 이 좀 봐!',647,251,'2002',''),(80,'장기동작은도서관','800(문학)','히피 : 파울로 코엘료 장편소설',661,143,'2018',''),(81,'용산1동작은도서관','800(문학)','히피 : 파울로 코엘료 장편소설',661,143,'2018',''),(82,'용산1동작은도서관','100(철학)','히포크라테스가 이야기하는 의학 스토리',535,215,'2008',''),(83,'장기동작은도서관','500(기술)','히포크라테스 의술을 과학으로 만들다',179,344,'2008',''),(84,'행정정보문고센터','800(문학)','히포크라테스 우울  : 나카야마 시치리 장편소설 . [2]',140,194,'2017','833.6-나872ㅎ-2'),(85,'학산작은도서관','800(문학)','히포크라테스 우울  : 나카야마 시치리 장편소설 . [2]',140,194,'2017','833.6-나872ㅎ-2'),(86,'행정정보문고센터','800(문학)','히포크라테스 선서  : 나카야마 시치리 장편소설 . [1]',140,194,'2017','833.6-나872ㅎ-1'),(87,'학산작은도서관','800(문학)','히포크라테스 선서  : 나카야마 시치리 장편소설 . [1]',140,194,'2017','833.6-나872ㅎ-1'),(88,'장기동작은도서관','800(문학)','히틀러의 음식을 먹는 여자들',174,138,'2020',''),(89,'장기동작은도서관','800(문학)','히틀러의 딸',540,186,'2009',''),(90,'이곡2동작은도서관','800(문학)','히틀러의 딸',540,186,'2010',''),(91,'이곡2동작은도서관','300(사회)','히틀러의 30일 (1933년 1월)',709,244,'2005',''),(92,'학산작은도서관','900(역사)','히틀러에 붙이는 주석',573,99,'2014','925.073-하897ㅎ'),(93,'이곡2동작은도서관','900(역사)','히틀러 최후의 14일',404,36,'2005',''),(94,'학산작은도서관','800(문학)','히틀러 연설의 진실 : 히틀러는 무엇으로 사람들을 사로잡았고 어떻게 사람들을 잃어갔는가',154,159,'2015','802.5-다872ㅎ'),(95,'이곡2동작은도서관','800(문학)','히트',199,195,'2012',''),(96,'용산1동작은도서관','800(문학)','히카루의 달걀',213,15,'2016',''),(97,'장기동작은도서관','200(종교)','히잡을 처음 쓰는 날',458,387,'2020',''),(98,'용산1동작은도서관','200(종교)','히잡을 처음 쓰는 날',458,387,'2020',''),(99,'이곡2동작은도서관','800(문학)','히잡을 처음 쓰는 날',459,178,'2020',''),(100,'용산1동작은도서관','300(사회)','히잡을 벗고, 나는 평화를 선택했다 : 이슬람 최초의 여성 노벨',331,432,'2008',''),(101,'용산1동작은도서관','200(종교)','히잡은 패션이다 : 인도네시아 무슬림 여성의 미에 대한 생각과 실천',127,229,'2019',''),(102,'용산1동작은도서관','800(문학)','히잇 히잇 힛취이',352,299,'2021',''),(103,'행정정보문고센터','900(역사)','히스토리아, 쿠오바디스 = Historia, quovadis : 탈근대, 역사학은 어디로 가는가',69,229,'2016','901-김18ㅎ'),(104,'용산1동작은도서관','900(역사)','히스토리아 노바 : 주경철의 역사 에세이',611,209,'2013',''),(105,'용산1동작은도서관','900(역사)','히스토리아 : 주경철의 역사 에세이',611,209,'2012',''),(106,'용산1동작은도서관','800(문학)','히말라야의 선물',741,59,'2010',''),(107,'이곡2동작은도서관','800(문학)','히말라야의 선물',741,59,'2010',''),(108,'장기동작은도서관','800(문학)','히말라야의 선물',741,59,'2011',''),(109,'용산1동작은도서관','800(문학)','히말라야의 선물',741,59,'2011',''),(110,'이곡2동작은도서관','400(순수)','히말라야에서 살아남기. 2',648,366,'2012',''),(111,'이곡2동작은도서관','400(순수)','히말라야에서 살아남기. 1',648,366,'2011',''),(112,'장기동작은도서관','900(역사)','히말라야에서 꽃핀 우정',376,261,'2012',''),(113,'학산작은도서관','800(문학)','히말라야시다는 저의 괴로움과 마주한다 : 김태형 시집',121,143,'2004','811.6-김883ㅎ'),(114,'학산작은도서관','800(문학)','히말라야를 넘는 아이들',198,126,'2005','858-블296ㅎ'),(115,'행정정보문고센터','200(종교)','히말라야 슈바이처',22,43,'2011','235.65-강66ㅎ'),(116,'용산1동작은도서관','200(종교)','히말라야 슈바이처',22,43,'2011',''),(117,'행정정보문고센터','800(문학)','히말라야 뿔무소 : 최명길 시집',626,433,'2017','811.6-최34ㅎ'),(118,'이곡2동작은도서관','300(사회)','히말라야 도서관 : 세계 오지에 3천 개의 도서관, 백만 권의 희망을 전한 한 사나이 이야기',608,238,'2010',''),(119,'장기동작은도서관','300(사회)','히말라야 도서관 : 세계 오지에 3천 개의 도서관, 백만 권의 희',607,238,'2008',''),(120,'학산작은도서관','200(종교)','히렐의 공부법',476,37,'2017','239.3-아297ㄱ-3'),(121,'용산1동작은도서관','800(문학)','히라도의 눈물',694,80,'2015',''),(122,'행정정보문고센터','300(사회)','히든 챔피언 : 세계시장을 제패한 숨은 1등 기업의 비밀',704,439,'2008','324.4-지94ㅎ'),(123,'이곡2동작은도서관','300(사회)','히든 리스크 = Hidden risk : 복잡성의 위험',605,198,'2009',''),(124,'장기동작은도서관','800(문학)','히나코와 걷는길',400,175,'2008',''),(125,'이곡2동작은도서관','800(문학)','히끄네 집 : 고양이 히끄와 아부지의 제주 생활기',473,277,'2017',''),(126,'행정정보문고센터','800(문학)','히글티 피글티 팝!',216,251,'2018','843.6-샌22ㅎ'),(127,'이곡2동작은도서관','600(예술)','히구치 유미코의 자수 시간 : 다섯 가지 실로 즐기는 식물과 무늬',740,417,'2018',''),(128,'행정정보문고센터','300(사회)','흰쥐이야기',537,195,'2013','388.311-비295-1'),(129,'장기동작은도서관','800(문학)','흰종이수염 : 하근찬 단편집',678,81,'2013',''),(130,'이곡2동작은도서관','800(문학)','흰옷',502,294,'2003',''),(131,'이곡2동작은도서관','800(문학)','흰옷',503,438,'2007',''),(132,'학산작은도서관','800(문학)','흰옷',504,142,'2015','813.6-이83ㅎ'),(133,'용산1동작은도서관','800(문학)','흰수염 할아버지의 딸기',205,223,'2008',''),(134,'용산1동작은도서관','800(문학)','흰산 도로랑',526,306,'2010',''),(135,'용산1동작은도서관','800(문학)','흰빛 검은빛(북스쿨 고학년 문고.5)',411,31,'2008',''),(136,'장기동작은도서관','800(문학)','흰별소',468,87,'2015',''),(137,'용산1동작은도서관','800(문학)','흰별소',468,87,'2015',''),(138,'용산1동작은도서관','400(순수)','흰발생쥐, 핍',307,384,'2008',''),(139,'이곡2동작은도서관','800(문학)','흰둥이 야만인에게 무슨 일이 있었나 : 프랑수아 가르드 장편소설',667,323,'2013',''),(140,'장기동작은도서관','800(문학)','흰눈이 오기까지',637,219,'2014',''),(141,'용산1동작은도서관','800(문학)','흰눈이 오기까지',637,219,'2014',''),(142,'용산1동작은도서관','800(문학)','흰나비의 외출',88,76,'2008',''),(143,'이곡2동작은도서관','800(문학)','흰긴수염고래',569,33,'2016',''),(144,'이곡2동작은도서관','400(순수)','흰긴수염고래',147,311,'2017',''),(145,'이곡2동작은도서관','300(사회)','흰구름으로 무얼 할까. 15',2,404,'2005',''),(146,'장기동작은도서관','800(문학)','흰구름 차일드 애플 창작동화 15',412,406,'2008',''),(147,'이곡2동작은도서관','300(사회)','흰곰한테 시집갈게요',250,37,'2007',''),(148,'이곡2동작은도서관','400(순수)','흰곰 삼형제',668,390,'2007',''),(149,'이곡2동작은도서관','800(문학)','흰곰 가족의 실내화 배달 소동',398,188,'2017',''),(150,'행정정보문고센터','800(문학)','흰곰 가족의 5층짜리 신발 가게',396,188,'2016','833.8-오65ㅎ'),(151,'이곡2동작은도서관','800(문학)','흰곰 가족의 5층짜리 신발 가게',397,188,'2016',''),(152,'장기동작은도서관','800(문학)','흰곰',456,268,'2012',''),(153,'용산1동작은도서관','800(문학)','흰곰',456,268,'2012',''),(154,'용산1동작은도서관','800(문학)','흰곰',456,268,'2012',''),(155,'행정정보문고센터','300(사회)','흰개미에 집중하라 : 실패에서 배우는 성공 경영 리더십',208,9,'2006','325.1-에897ㅎ'),(156,'이곡2동작은도서관','300(사회)','흰 코끼리를 지켜라!',27,37,'2014',''),(157,'이곡2동작은도서관','800(문학)','흰 종이수염',677,46,'2009',''),(158,'이곡2동작은도서관','800(문학)','흰 종이 수염 : 하근찬 단편집',676,81,'2005',''),(159,'장기동작은도서관','300(사회)','흰 옷을 입은 천사 : 자기 희생',114,317,'2008',''),(160,'용산1동작은도서관','300(사회)','흰 옷을 입은 천사 : 자기 희생',114,317,'2008',''),(161,'이곡2동작은도서관','800(문학)','흰 비너스 검은 비너스',436,146,'2004',''),(162,'이곡2동작은도서관','800(문학)','흰 띠가 간다',115,420,'2022',''),(163,'행정정보문고센터','800(문학)','흰 돌고래',615,65,'2013','843-르66ㅎ'),(164,'학산작은도서관','300(사회)','흰 눈썹 휘날리며',45,98,'2011','388.311-구15ㅎ'),(165,'이곡2동작은도서관','800(문학)','흰 눈 : 공광규 시',38,164,'2016',''),(166,'학산작은도서관','800(문학)','흰 나무 아래의 즉흥 : 김승희 문학선',90,66,'2014','810.81-김57ㅎ'),(167,'용산1동작은도서관','800(문학)','흰 꽃, 몌별 : 이토록 시조집',505,335,'2020',''),(168,'행정정보문고센터','800(문학)','흰 꽃 만지는 시간 : 이기철 시집',444,157,'2017','811.6-이18ㅎ'),(169,'행정정보문고센터','800(문학)','흰 글씨로 쓰는 것 : 김준현 시집',112,157,'2017','811.6-김76ㅎ'),(170,'이곡2동작은도서관','800(문학)','흰 고양이 검은 고양이',63,251,'2017',''),(171,'용산1동작은도서관','800(문학)','흰 건반 위 우정 검은 건반 위 행복',536,357,'2008',''),(172,'행정정보문고센터','800(문학)','흰 가운 속 사정 : 서이나 장편 소설',301,247,'2013','813.6-서68ㅎ'),(173,'이곡2동작은도서관','800(문학)','흰 = The Elegy of Whiteness : 한강 소설',682,70,'2016',''),(174,'장기동작은도서관','800(문학)','흰 : the elegy of whiteness : 한강 소설',682,70,'2016',''),(175,'용산1동작은도서관','800(문학)','흰 : the elegy of whiteness : 한강 소설',682,70,'2016',''),(176,'행정정보문고센터','800(문학)','흰 : The Elegy of Whiteness',684,70,'2016','813.7-한12ㅎ'),(177,'학산작은도서관','800(문학)','흰 : The Elegy of Whiteness',684,70,'2016','813.7-한12ㅎ'),(178,'용산1동작은도서관','800(문학)','희한한 위로',19,245,'2020',''),(179,'학산작은도서관','800(문학)','희치희치 : 김은주 시집',101,346,'2015','811.6-김67ㅎ'),(180,'학산작은도서관','800(문학)','희지의 세계 : 황인찬 시집',723,157,'2015','811.6-황68ㅎ'),(181,'행정정보문고센터','800(문학)','희지의 세계',723,157,'2016','811.608-민67ㅁ-214'),(182,'장기동작은도서관','300(사회)','희선이의 여름 원피스 (즐거운 사회탐구)사회랑 놀자 3',91,51,'2008',''),(183,'행정정보문고센터','200(종교)','희생양',191,157,'2007','210.1-지292ㅎ'),(184,'행정정보문고센터','800(문학)','희박한 공기 속으로',609,431,'2012','848-크75ㅎ'),(185,'행정정보문고센터','600(예술)','희묵휘필',749,441,'2015','642-이65ㅎ'),(186,'용산1동작은도서관','800(문학)','희망편지',558,341,'2008',''),(187,'행정정보문고센터','800(문학)','희망편지',333,141,'2009','818-신25ㅎ'),(188,'용산1동작은도서관','800(문학)','희망편지',334,141,'2009',''),(189,'용산1동작은도서관','300(사회)','희망퇴사 : 오늘까지만 출근하겠습니다',266,6,'2018',''),(190,'행정정보문고센터','900(역사)','희망찬 복지도시 대구',157,94,'1990','911.84-대16ㅎ'),(191,'장기동작은도서관','800(문학)','희망이 외롭다 : 김승희 시집',90,143,'2013',''),(192,'용산1동작은도서관','500(기술)','희망이 세상을 고친다 : 구당 김남수, 90일간의 장진영 침뜸 공개 치료기',464,68,'2010',''),(193,'장기동작은도서관','500(기술)','희망이 세상을 고친다',464,68,'2010',''),(194,'용산1동작은도서관','800(문학)','희망이 뭐예요(초등교과 인성동화.11)',130,413,'2008',''),(195,'용산1동작은도서관','000(총류)','희망이 된 인문학',129,210,'2013',''),(196,'이곡2동작은도서관','800(문학)','희망의 힘',572,74,'2005',''),(197,'학산작은도서관','800(문학)','희망의 힘',572,72,'2005','848-그296ㅎ'),(198,'학산작은도서관','100(철학)','희망의 치료약을 파는 약국 : 넉넉하고 지혜로운 삶으로 이끄는 희망의 처방전 88가지',231,339,'2003','186.5-미77ㅎ'),(199,'이곡2동작은도서관','400(순수)','희망의 자연',576,205,'2010',''),(200,'이곡2동작은도서관','400(순수)','희망의 이유',578,41,'2006',''),(201,'학산작은도서관','200(종교)','희망의 신비 : 거룩한 자비를 신뢰하며 나아가는 여정',336,196,'2015','234.82-부75ㅎ'),(202,'장기동작은도서관','800(문학)','희망의 섬 78번지 청소년 문학선 5',408,195,'2008',''),(203,'이곡2동작은도서관','800(문학)','희망의 밥상',575,204,'2006',''),(204,'용산1동작은도서관','800(문학)','희망의 밥상',577,203,'2008',''),(205,'장기동작은도서관','800(문학)','희망의 목장',211,420,'2016',''),(206,'용산1동작은도서관','800(문학)','희망의 목장',211,420,'2016',''),(207,'행정정보문고센터','300(사회)','희망의 도시 일류 대구',156,93,'2008','359.01'),(208,'행정정보문고센터','500(기술)','희망의 단비가 내려요 : 물의 소중함을 일깨우는 환경 동화',246,62,'2010','539-박54ㅎ'),(209,'이곡2동작은도서관','800(문학)','희망의 날개를 찾아서 : 사랑으로 아픔을 극복해 가는 한 가정의 희망 찾기',309,278,'2010',''),(210,'장기동작은도서관','800(문학)','희망의 끈을 놓지 않는 여자',230,190,'2008',''),(211,'장기동작은도서관','100(철학)','희망의 귀환 : 희망을 부르면 희망은 내게 온다',616,322,'2013',''),(212,'용산1동작은도서관','800(문학)','희망의 교실',95,310,'2004',''),(213,'용산1동작은도서관','300(사회)','희망의 경작',419,430,'2012',''),(214,'장기동작은도서관','800(문학)','희망을 찾는 아이, 러키',322,178,'2014',''),(215,'이곡2동작은도서관','900(역사)','희망을 여행하라 : 공정여행가이드북',447,240,'2009',''),(216,'장기동작은도서관','900(역사)','희망을 여행하라 : 공정여행 가이드북',525,240,'2010',''),(217,'행정정보문고센터','900(역사)','희망을 쏘아 올린 거북선 : 거북선이 들려주는 임진왜란 이야기',357,26,'2018','911.0553-안38ㅎ'),(218,'용산1동작은도서관','900(역사)','희망을 쏘아 올린 거북선 : 거북선이 들려주는 임진왜란 이야기',357,26,'2018',''),(219,'장기동작은도서관','800(문학)','희망을 꿈꾸는 탄광마을 민국이',35,351,'2008',''),(220,'행정정보문고센터','800(문학)','희망을 꿈꾸는 밀렌, 회장이 되다',368,262,'2015','863-핫52ㅎ'),(221,'이곡2동작은도서관','800(문학)','희망을 걷다 : 박원순의 백두대간 종주기',258,396,'2013',''),(222,'이곡2동작은도서관','300(사회)','희망은 있다',663,89,'2004',''),(223,'이곡2동작은도서관','800(문학)','희망은 깨어 있네 : 이해인 시집',507,132,'2010',''),(224,'장기동작은도서관','800(문학)','희망여행:분노와 절망을 넘어 삶의 아름다움을 찾아 떠나는 휴먼',294,386,'2008',''),(225,'장기동작은도서관','100(철학)','희망사전 365 : 매일 힘이 되는 승리의 격언들',201,150,'2009',''),(226,'행정정보문고센터','300(사회)','희망대한민국 : 행정자치부 정책백서',699,422,'2008','350.2-행74ㅎ'),(227,'행정정보문고센터','300(사회)','희망난민 : 꿈을 이룰 수 없는 시대에 꿈을 강요당하는 젊은이들',728,157,'2016','331.234-후296ㅎ'),(228,'장기동작은도서관','800(문학)','희망나무',233,125,'2009',''),(229,'장기동작은도서관','800(문학)','희망 충전소',120,91,'2008',''),(230,'용산1동작은도서관','800(문학)','희망 우체통',78,96,'2008',''),(231,'장기동작은도서관','800(문학)','희망 사진관 : 한승원 소설집',689,142,'2009',''),(232,'행정정보문고센터','800(문학)','희망 반창고',245,29,'2005','818-박54ㅎ'),(233,'이곡2동작은도서관','800(문학)','희망 반창고',245,30,'2005',''),(234,'이곡2동작은도서관','800(문학)','희망 반창고',245,30,'2005',''),(235,'이곡2동작은도서관','800(문학)','희망 반창고',245,29,'2005',''),(236,'이곡2동작은도서관','800(문학)','희망',494,75,'2010',''),(237,'이곡2동작은도서관','800(문학)','희랍어 시간 : 한강 장편소설',682,143,'2011',''),(238,'장기동작은도서관','800(문학)','희랍어 시간 : 한강 장편소설',682,143,'2012',''),(239,'학산작은도서관','800(문학)','희랍어 시간 : 한강 장편소설',682,143,'2012','813.6-한12ㅎ'),(240,'용산1동작은도서관','500(기술)','희동이네 떡방앗간',133,233,'2012',''),(241,'용산1동작은도서관','800(문학)','희나리',523,155,'2008',''),(242,'학산작은도서관','800(문학)','희고 둥근 달 : 정찬 창작집',565,423,'2006','813.6-정82ㅎ'),(243,'용산1동작은도서관','800(문학)','희고 둥근 달',565,423,'2008',''),(244,'장기동작은도서관','300(사회)','흥흥 잠이 안 와 (리듬그림책)재미모리 동동 17',426,414,'2008',''),(245,'행정정보문고센터','300(사회)','흥하는 말씨 망하는 말투 = Your words become your destiny : 성공과 행복을 부르는 당신의 한마디, 실천편',463,424,'2015','325.04-이52ㅎ'),(246,'이곡2동작은도서관','300(사회)','흥하는 말씨 망하는 말투',463,424,'2011',''),(247,'용산1동작은도서관','300(사회)','흥하는 말씨 망하는 말투',463,424,'2012',''),(248,'용산1동작은도서관','300(사회)','흥하는 말씨 망하는 말투',463,424,'2012',''),(249,'행정정보문고센터','300(사회)','흥하는 말씨 망하는 말투',463,424,'2013','325.04-이52ㅎ'),(250,'용산1동작은도서관','300(사회)','흥하는 도시 망하는 도시=A rising city a ruined city',710,200,'2019',''),(251,'행정정보문고센터','300(사회)','흥하는 도시 망하는 도시  = (A)Rising city, a ruined city',710,200,'2019','331.47-홍54ㅎ'),(252,'용산1동작은도서관','800(문학)','흥칫뿡',320,427,'2018',''),(253,'장기동작은도서관','900(역사)','흥선 대원군의 개혁이 시작되다 으랏차차! 이야기 한국사 42',97,46,'2008',''),(254,'이곡2동작은도서관','900(역사)','흥선 대원군의 개혁이 시작되다',98,46,'2008',''),(255,'장기동작은도서관','800(문학)','흥부전/참좋은우리고전.2',566,111,'2008',''),(256,'용산1동작은도서관','800(문학)','흥부전.심청전',448,397,'2008',''),(257,'행정정보문고센터','700(언어)','흥부전. 7',693,300,'2007','711.47-한72ㅎ-7'),(258,'이곡2동작은도서관','800(문학)','흥부전 : 왜 흥부는 일해도 가난할까',629,263,'2017',''),(259,'행정정보문고센터','800(문학)','흥부전',54,90,'2005','813.5-권88ㅎ'),(260,'이곡2동작은도서관','800(문학)','흥부전',530,410,'2005',''),(261,'이곡2동작은도서관','800(문학)','흥부전',443,410,'2005',''),(262,'용산1동작은도서관','800(문학)','흥부전',449,312,'2008',''),(263,'장기동작은도서관','800(문학)','흥부전',567,111,'2010',''),(264,'이곡2동작은도서관','800(문학)','흥부전',443,408,'2011',''),(265,'이곡2동작은도서관','800(문학)','흥부와 놀부',497,314,'2003',''),(266,'장기동작은도서관','300(사회)','흥부와 놀부',751,61,'2009',''),(267,'장기동작은도서관','800(문학)','흥부와 놀부',251,37,'2010',''),(268,'이곡2동작은도서관','300(사회)','흥부와 놀부',99,46,'2021',''),(269,'용산1동작은도서관','300(사회)','흥부놀부(까치호랑이.14)',244,175,'2008',''),(270,'이곡2동작은도서관','300(사회)','흥부놀부',717,176,'2006',''),(271,'장기동작은도서관','400(순수)','흥부네 집 경사 났네',248,406,'2009',''),(272,'용산1동작은도서관','300(사회)','흥부네 기와집 놀부네 초가집',249,370,'2014',''),(273,'이곡2동작은도서관','300(사회)','흥부 놀부. 15',415,267,'2006',''),(274,'행정정보문고센터','800(문학)','흥부 놀부',563,216,'2006','808.9-안24ㅎ'),(275,'이곡2동작은도서관','800(문학)','흥부 놀부',563,216,'2006',''),(276,'이곡2동작은도서관','300(사회)','흥부 놀부',300,390,'2008',''),(277,'용산1동작은도서관','800(문학)','흥보전·흥보가·옹고집전',568,143,'2010',''),(278,'이곡2동작은도서관','800(문학)','흥보전. 9',562,353,'2004',''),(279,'용산1동작은도서관','800(문학)','흥보만보록 : 최초의 흥부전',75,143,'2020',''),(280,'이곡2동작은도서관','900(역사)','흥미진진 아찔한 세계지리 : 지구 곳곳 지리 여행 이야기',360,143,'2009',''),(281,'용산1동작은도서관','900(역사)','흥망으로 본 세계의 역사',264,173,'2012',''),(282,'행정정보문고센터','600(예술)','흥과 멋을 돋우는 신명 나는 우리 악기',475,343,'2013','679-이64ㅎ-25'),(283,'장기동작은도서관','600(예술)','흥겨운 음악여행',531,268,'2008',''),(284,'용산1동작은도서관','300(사회)','흥겨운 옛 시조 우리 노래(소중한 우리것 재미난 우리 얘기.47)',410,342,'2008',''),(285,'이곡2동작은도서관','300(사회)','흥겨운 옛 시조 우리 노래',409,280,'2006',''),(286,'장기동작은도서관','300(사회)','흥겨운 가락 전통 악기 (교과서에 나오는)옛멋 전통 과학 15',551,410,'2008',''),(287,'이곡2동작은도서관','800(문학)','흥, 내 맘이야!',652,195,'2019',''),(288,'용산1동작은도서관','800(문학)','흡혈귀 패밀리',53,151,'2017',''),(289,'용산1동작은도서관','800(문학)','흡혈귀 루디, 치과는 정말 싫어',527,251,'2007',''),(290,'용산1동작은도서관','800(문학)','흡혈귀 고리 가족',649,39,'2008',''),(291,'학산작은도서관','500(기술)','흡연자가 가장 궁금한 것들 : smart smoking',66,276,'2015','517.3-김15ㅎ'),(292,'행정정보문고센터','300(사회)','흡연 여성 잔혹사:, 한 생애의 담배를 다 피워버린 여자의 담배 이야기',298,310,'2001','334.9-서34ㅎ'),(293,'행정정보문고센터','300(사회)','흡연 여성 잔혹사:, 한 생애의 담배를 다 피워버린 여자의 담배 이야기',298,310,'2001','334.9-서34ㅎ=2'),(294,'장기동작은도서관','300(사회)','흡수하는 마음',197,180,'2014',''),(295,'용산1동작은도서관','300(사회)','흠흠신서 : 그 누구도 억울함이 없게 하라',557,378,'2017',''),(296,'이곡2동작은도서관','400(순수)','흠흠 공기가 있어요',43,314,'2006',''),(297,'이곡2동작은도서관','400(순수)','흠뻑 젖어요!',288,390,'2007',''),(298,'장기동작은도서관','300(사회)','흠, 좋은 냄새',432,383,'2009',''),(299,'행정정보문고센터','500(기술)','흙집에 관한 거의 모든 것 : 흙건축가 황혜주 교수의 단단한 집 짓기',725,421,'2017','549.78-황94ㅎ'),(300,'용산1동작은도서관','500(기술)','흙집에 관한 거의 모든 것 : 흙건축가 황혜주 교수의 단단한 집 짓기',725,421,'2017',''),(301,'용산1동작은도서관','400(순수)','흙이 팔팔(생생 자연과학동화.3)',455,92,'2008',''),(302,'학산작은도서관','800(문학)','흙의 살들 : 김규태 詩集',68,273,'2006','811.6-김16ㅎ'),(303,'용산1동작은도서관','800(문학)','흙을 밟으며 살다',427,436,'2010',''),(304,'행정정보문고센터','500(기술)','흙을 망친 범인을 찾아라',344,248,'2017','539-지16ㅅ'),(305,'장기동작은도서관','300(사회)','흙으로 빚은 토기와 자기 (교과서에 나오는)옛멋 전통 과학 33',104,410,'2008',''),(306,'용산1동작은도서관','800(문학)','흙으로 만든 귀',442,163,'2007',''),(307,'장기동작은도서관','400(순수)','흙에서 살아요',345,404,'2008',''),(308,'학산작은도서관','800(문학)','흙무당 : 이석배 장편소설',466,32,'2015','813.6-이54ㅎ'),(309,'장기동작은도서관','800(문학)','흙 속의 아이',139,157,'2008',''),(310,'용산1동작은도서관','800(문학)','흙 속의 아이',138,157,'2008',''),(311,'용산1동작은도서관','800(문학)','흙 속에 저 바람 속에 : 한국 최초의 한국인론',474,144,'2008',''),(312,'행정정보문고센터','800(문학)','흙 속에 저 바람 속에 : 한국 최초의 한국인론',474,144,'2009','814.6-이64ㅎ'),(313,'용산1동작은도서관','800(문학)','흙 돼지 할아버지네 집',41,379,'2012',''),(314,'장기동작은도서관','400(순수)','흙 : 함께 숨 쉬는 생명들의 喜怒哀樂',8,71,'2009',''),(315,'용산1동작은도서관','400(순수)','흙 : 함께 숨 쉬는 생명들의 喜怒哀樂',8,71,'2009',''),(316,'이곡2동작은도서관','800(문학)','흙',441,142,'2005',''),(317,'이곡2동작은도서관','800(문학)','흙',441,142,'2005',''),(318,'용산1동작은도서관','800(문학)','흙',441,397,'2008',''),(319,'용산1동작은도서관','400(순수)','흙',462,20,'2012',''),(320,'이곡2동작은도서관','800(문학)','흘반난(吃飯難) , 밥 먹기 어렵다',119,193,'2016',''),(321,'이곡2동작은도서관','800(문학)','흘러가는 것들은 눈물겹다',622,112,'2002',''),(322,'용산1동작은도서관','800(문학)','흔한남매. 7',734,13,'2021',''),(323,'장기동작은도서관','800(문학)','흔한남매. 6',734,152,'2020',''),(324,'용산1동작은도서관','800(문학)','흔한남매. 6',734,152,'2020',''),(325,'장기동작은도서관','800(문학)','흔한남매. 5',732,152,'2020',''),(326,'행정정보문고센터','800(문학)','흔한남매. 4',735,152,'2020','813.7-흔92ㅎ-4'),(327,'장기동작은도서관','800(문학)','흔한남매. 4',734,13,'2020',''),(328,'학산작은도서관','800(문학)','흔한남매. 4',735,152,'2020','813.8-흔92ㅎ-4'),(329,'행정정보문고센터','800(문학)','흔한남매. 3',735,270,'2020','813.8-흔92ㅎ-3'),(330,'용산1동작은도서관','300(사회)','흔한남매 흔한 MBTI : 믿거나 말거나 나에게 어울리는 직업',730,95,'2021',''),(331,'장기동작은도서관','800(문학)','흔한남매 . 3',733,152,'2020',''),(332,'용산1동작은도서관','800(문학)','흔한남매 . 3',733,152,'2020',''),(333,'학산작은도서관','800(문학)','흔한남매 . 3',733,152,'2020','813.8-흔92ㅎ-3'),(334,'행정정보문고센터','800(문학)','흔한남매 . 2',733,14,'2019','813.8-흔92ㅎ-2'),(335,'장기동작은도서관','800(문학)','흔한남매 . 2',733,14,'2019',''),(336,'용산1동작은도서관','800(문학)','흔한남매 . 2',733,14,'2019',''),(337,'학산작은도서관','800(문학)','흔한남매 . 2',736,14,'2019','813.8-흔92ㅎ-2'),(338,'장기동작은도서관','800(문학)','흔한남매 . 1',733,152,'2019',''),(339,'용산1동작은도서관','800(문학)','흔한남매 . 1',736,14,'2019',''),(340,'학산작은도서관','800(문학)','흔한남매 . 1',733,153,'2019','813.8-흔92ㅎ-1'),(341,'이곡2동작은도서관','800(문학)','흔한 자매',405,48,'2017',''),(342,'행정정보문고센터','800(문학)','흔한 남매. 1',735,268,'2019','813.8-흔92ㅎ-1'),(343,'용산1동작은도서관','800(문학)','흔한 남매 . 5',731,152,'2020',''),(344,'용산1동작은도서관','800(문학)','흔한 남매 . 4',733,13,'2020',''),(345,'이곡2동작은도서관','800(문학)','흔적',265,141,'2004',''),(346,'장기동작은도서관','300(사회)','흔들흔들 흔들어 봐요',490,434,'2008',''),(347,'이곡2동작은도서관','400(순수)','흔들흔들 화산과 지진',524,37,'2013',''),(348,'행정정보문고센터','300(사회)','흔들흔들 오케스트라',429,373,'2010','321.55-윤64ㅎ-5'),(349,'이곡2동작은도서관','700(언어)','흔들흔들 삼신산을 떠받치는 거북',26,37,'2008',''),(350,'행정정보문고센터','400(순수)','흔들흔들 뒤흔드는 지진',225,26,'2017','451.32-프292ㅎ'),(351,'장기동작은도서관','400(순수)','흔들흔들 뒤흔드는 지진',226,26,'2017',''),(352,'행정정보문고센터','800(문학)','흔들흔들 다리에서',62,362,'2016','833.8-기36ㅎ'),(353,'이곡2동작은도서관','800(문학)','흔들흔들 다리에서',62,362,'2016',''),(354,'용산1동작은도서관','800(문학)','흔들흔들 내 앞니 절대 안 빼',170,40,'2008',''),(355,'이곡2동작은도서관','800(문학)','흔들림 또한 우리가 살아가는 한 모습이다',483,325,'2013',''),(356,'장기동작은도서관','800(문학)','흔들리지마 내일도 이 길은 그대로니까 : 길고양이 감성 에세이, 길 위에서 귀 기울여 듣다',262,24,'2015',''),(357,'용산1동작은도서관','300(사회)','흔들리지 않는 약속',450,118,'2008',''),(358,'행정정보문고센터','500(기술)','흔들리지 않는 남자 헬스클럽',581,107,'2013','593.5-라68ㅎ'),(359,'장기동작은도서관','100(철학)','흔들리지 않고 피어나는 마흔은 없다',79,389,'2013',''),(360,'행정정보문고센터','800(문학)','흔들리지 않고 피는 꽃이 어디 있으랴 : 도종환 시화선집',165,275,'2014','811.6-도74ㅎ'),(361,'장기동작은도서관','800(문학)','흔들리지 않고 피는 꽃이 어디 있으랴 : 도종환 시화선집',165,275,'2014',''),(362,'이곡2동작은도서관','800(문학)','흔들리지 않고 피는 꽃이 어디 있으랴  : 도종환 시화선집',164,16,'2014',''),(363,'용산1동작은도서관','800(문학)','흔들리지 말고 마음 가는 대로',319,241,'2018',''),(364,'이곡2동작은도서관','800(문학)','흔들리며 흔들거리며 : 탁현민 산문집 파리에서 모그바티스까지',654,149,'2013',''),(365,'행정정보문고센터','300(사회)','흔들리며 피는 꽃, 간디학교 : 제천간디학교 10년의 기록',580,42,'2013','370.8-제83ㅎ'),(366,'장기동작은도서관','800(문학)','흔들리는 학교',729,26,'2015',''),(367,'이곡2동작은도서관','900(역사)','흔들리는 천 년 왕국',252,409,'2018',''),(368,'행정정보문고센터','900(역사)','흔들리는 조선, 조선 시대 10',20,37,'2010','911-우298ㄱ-25'),(369,'장기동작은도서관','900(역사)','흔들리는 조선, 고통받는 백성들 으랏차차! 이야기 한국사 41',143,46,'2008',''),(370,'이곡2동작은도서관','900(역사)','흔들리는 조선, 고통받는 백성들',144,46,'2008',''),(371,'이곡2동작은도서관','900(역사)','흔들리는 세상. 24',564,313,'2006',''),(372,'장기동작은도서관','100(철학)','흔들리는 부부관계, 어떻게 할 것인가 : 금이 간 신뢰를 되살리는 해법을 제시한다!',539,242,'2014',''),(373,'이곡2동작은도서관','900(역사)','흔들리는 봉건 사회. 17',618,313,'2006',''),(374,'이곡2동작은도서관','300(사회)','흔들리는 법원 (미국 형사재판의 도덕성)',579,246,'2005',''),(375,'행정정보문고센터','800(문학)','흔들리는 바위',228,189,'2008','833.6-미63ㅎ'),(376,'이곡2동작은도서관','800(문학)','흔들리는 마음',428,309,'2007',''),(377,'행정정보문고센터','800(문학)','흔들리고 있는 소녀를 보거든',644,122,'2016','843-하68ㅎ'),(378,'장기동작은도서관','800(문학)','흔들리고 있는 소녀를 보거든',644,122,'2016',''),(379,'용산1동작은도서관','800(문학)','흔들리고 있는 소녀를 보거든',644,122,'2016',''),(380,'이곡2동작은도서관','800(문학)','흔들리고 있는 소녀를 보거든',644,122,'2016',''),(381,'용산1동작은도서관','600(예술)','흔들리거나 반짝이는 - 음악평론가 김진묵 에세이',117,338,'2008',''),(382,'용산1동작은도서관','800(문학)','흔들리거나 반짝이는',118,338,'2008',''),(383,'행정정보문고센터','800(문학)','흑장미 마녀의 마법 여행',327,177,'2009','833.8-스64ㅎ'),(384,'용산1동작은도서관','800(문학)','흑장미 마녀의 마법 여행',327,177,'2009',''),(385,'이곡2동작은도서관','500(기술)','흑요석이 그리는 한복 이야기',407,415,'2019',''),(386,'용산1동작은도서관','800(문학)','흑염소는 까매서 똥도 까맣다 : 문삼석 동시집',221,231,'2009',''),(387,'장기동작은도서관','800(문학)','흑소 소설 - 블랙 유머 소설 히가시노 게이고의 웃음 3부작',737,165,'2008',''),(388,'용산1동작은도서관','800(문학)','흑소 소설 - 블랙 유머 소설 히가시노 게이고의 웃음 3부작',737,165,'2008',''),(389,'학산작은도서관','800(문학)','흑설공주 이야기. 2',237,114,'2005','843-워874ㅎ-2'),(390,'학산작은도서관','800(문학)','흑설공주 이야기 : 세상의 모든 딸들을 위한 동화. [1]',237,114,'2008','843-워874ㅎ-1'),(391,'장기동작은도서관','800(문학)','흑설공주 이야기 : 세상의 모든 딸들을 위한 동화',236,114,'2008',''),(392,'용산1동작은도서관','800(문학)','흑설공주 이야기 . 2',238,114,'2008',''),(393,'용산1동작은도서관','800(문학)','흑설공주 이야기',238,114,'2008',''),(394,'장기동작은도서관','800(문학)','흑설공주',439,116,'2015',''),(395,'이곡2동작은도서관','800(문학)','흑산도 하늘길',690,141,'2005',''),(396,'이곡2동작은도서관','800(문학)','흑산도 하늘길',690,141,'2005',''),(397,'이곡2동작은도서관','800(문학)','흑산도 하늘길',691,141,'2005',''),(398,'용산1동작은도서관','800(문학)','흑산도 하늘 길',692,141,'2008',''),(399,'용산1동작은도서관','800(문학)','흑산도 하늘 길',690,141,'2008',''),(400,'이곡2동작은도서관','800(문학)','흑산 = 黑山 : 김훈 장편소설',131,398,'2011',''),(401,'용산1동작은도서관','800(문학)','黑山 : 김훈 장편소설',131,398,'2013',''),(402,'장기동작은도서관','800(문학)','흑산 : 김훈 장편소설',131,398,'2013',''),(403,'행정정보문고센터','800(문학)','흑백을 추억하다 : 중국 현대문학의 대표작가 자핑아오(賈平凹) 산문집',529,301,'2000','824.7-자89ㅎ'),(404,'학산작은도서관','800(문학)','흑발 소녀의 누드 속에는 : 김윤이 시집',100,353,'2011','811.608-창48ㅊ-328'),(405,'행정정보문고센터','800(문학)','흑묘관의 살인 : 아야츠지 유키토 장편소설',351,416,'2012','833.6-아63ㅎ'),(406,'이곡2동작은도서관','800(문학)','흑룡만리 : 제주 밭담 이야기',247,307,'2014',''),(407,'행정정보문고센터','300(사회)','흑두루미를 칭찬하라 : 창조와 혁신의 갯벌, 순천만',94,1,'2011','325.04-김64ㅎ'),(408,'장기동작은도서관','600(예술)','흑돌 백돌따먹기',386,73,'2008',''),(409,'장기동작은도서관','800(문학)','흑기사 황보찬일',310,39,'2015',''),(410,'학산작은도서관','100(철학)','흐린날에도 해는 뜬다',632,361,'2015','199.1-최66ㅎ'),(411,'학산작은도서관','600(예술)','흐린 날에도 별은 뜬다 : 류석우가 쓴 21인의 화가 이야기',187,156,'2015','650.99-류54ㅎ'),(412,'장기동작은도서관','300(사회)','흐름이 보이는 세계사 경제 공부 : 세계사에서 포착한 경제의 전환점 51',229,282,'2018',''),(413,'이곡2동작은도서관','300(사회)','흐름을 꿰뚫어보는 경제독해',306,321,'2010',''),(414,'행정정보문고센터','900(역사)','흐름을 꿰뚫는 세계사 독해 : 복잡한 현대를 이해하기 위한 최소한의 역사',295,321,'2016','909-사885ㅎ'),(415,'이곡2동작은도서관','900(역사)','흐름을 꿰뚫는 세계사 독해 : 복잡한 현대를 이해하기 위한 최소한의 역사',295,291,'2016',''),(416,'이곡2동작은도서관','400(순수)','흐름 : 불규칙한 조화가 이루는 변화',674,205,'2014',''),(417,'용산1동작은도서관','400(순수)','흐르는 것들의 과학 : 물질에 집착하는 한 남자의 일상 여행',207,287,'2020',''),(418,'용산1동작은도서관','300(사회)','흐르는 강물처럼 : 우리 곁을 떠난 강, 마을, 사람들의 이야기',314,123,'2011',''),(419,'이곡2동작은도서관','800(문학)','흐르는 강물처럼',660,143,'2008',''),(420,'이곡2동작은도서관','800(문학)','흐르는 강물처럼',660,143,'2008',''),(421,'용산1동작은도서관','800(문학)','흐르는 강물이 나를 위로한다',61,265,'2012',''),(422,'이곡2동작은도서관','800(문학)','흉터',532,81,'2008',''),(423,'장기동작은도서관','300(사회)','흉내쟁이 코요테 : 미국 남서부 옛이야기',570,292,'2011',''),(424,'용산1동작은도서관','800(문학)','흉내쟁이 코요테 : 미국 남서부 옛이야기',571,292,'2012',''),(425,'이곡2동작은도서관','300(사회)','흉내쟁이 찍찍이',284,174,'2005',''),(426,'장기동작은도서관','800(문학)','흉내쟁이 원숭이 우화',489,380,'2007',''),(427,'용산1동작은도서관','800(문학)','흉내쟁이 또또치',273,402,'2008',''),(428,'이곡2동작은도서관','800(문학)','흉내쟁이 고양이',177,309,'2012',''),(429,'장기동작은도서관','800(문학)','흉내낼 수 없는 사랑',488,236,'2008',''),(430,'용산1동작은도서관','800(문학)','흉가 : 미쓰다 신조 장편소설',227,184,'2016',''),(431,'이곡2동작은도서관','800(문학)','흉가 : 미쓰다 신조 장편소설',227,184,'2016',''),(432,'이곡2동작은도서관','100(철학)','흄',640,326,'2004',''),(433,'장기동작은도서관','800(문학)','휴전',670,99,'2010',''),(434,'행정정보문고센터','600(예술)','휴식을 위한 지식 : 그림, 우아한 취미가 되다',703,328,'2016','650-허78ㅎ'),(435,'용산1동작은도서관','500(기술)','휴보이즘 : 나는 대한민국 로봇 휴보다',546,12,'2014',''),(436,'용산1동작은도서관','300(사회)','휴먼필 : 인권감수성을 깨우는 54개의 공감',40,213,'2012',''),(437,'용산1동작은도서관','900(역사)','휴먼 웹 : 세계화의 세계사',606,327,'2007',''),(438,'장기동작은도서관','300(사회)','휴먼 에이지 : 호모사피엔스사피엔스의 지구사용법',153,143,'2017',''),(439,'용산1동작은도서관','300(사회)','휴먼 스킬=HUMAN SKILL : 인공 지능은 감히 넘볼 수 없는 인간의 기술',651,78,'2020',''),(440,'이곡2동작은도서관','400(순수)','휴먼 브레인 : 수전 그린필드가 들려주는 뇌과학의 신비',321,204,'2005',''),(441,'장기동작은도서관','300(사회)','휴머니스트 오블리주 : 선의만으로 세상은 바뀌지 않는다',361,182,'2017',''),(442,'용산1동작은도서관','300(사회)','휴머니스트 오블리주 : 선의만으로 세상은 바뀌지 않는다',362,182,'2017',''),(443,'학산작은도서관','800(문학)','휴대폰의 눈물',383,117,'2015','843-스884ㅎ'),(444,'용산1동작은도서관','300(사회)','휴대폰에 빠진 내 아이 구하기',34,298,'2008',''),(445,'행정정보문고센터','800(문학)','휴대폰 전쟁',175,385,'2013','843-로68ㅎ'),(446,'장기동작은도서관','300(사회)','휴대폰 소녀 밈의 시간의 발견',595,238,'2015',''),(447,'용산1동작은도서관','300(사회)','휴대폰 소녀 밈의 시간의 발견',595,238,'2015',''),(448,'이곡2동작은도서관','300(사회)','휴대폰 소녀 밈의 시간의 발견',595,238,'2015',''),(449,'장기동작은도서관','800(문학)','휴대 전화가 사라졌다',636,306,'2014',''),(450,'용산1동작은도서관','800(문학)','휴대 전화가 사라졌다',636,306,'2014',''),(451,'행정정보문고센터','800(문학)','휴게소',553,5,'2016','818-정38ㅎ'),(452,'용산1동작은도서관','800(문학)','휴거 1992 : 조장호 장편소설',590,418,'2017',''),(453,'이곡2동작은도서관','800(문학)','휴가 중인 시체 = Corpse on vacation',113,266,'2019',''),(454,'행정정보문고센터','800(문학)','휴가 온 외계인',653,360,'2015','843-스38ㅎ'),(455,'장기동작은도서관','900(역사)','휴가 : 하와이를 즐기는 48가지 방법',499,216,'2009',''),(456,'학산작은도서관','200(종교)','休',420,96,'2002','237.31-멀294ㅎ'),(457,'용산1동작은도서관','800(문학)','휠체어를 탄 사서',17,58,'2012',''),(458,'이곡2동작은도서관','800(문학)','휠체어를 탄 사서',16,58,'2012',''),(459,'이곡2동작은도서관','800(문학)','휘파람을 불어요',381,251,'2006',''),(460,'행정정보문고센터','800(문학)','휘파람. 2',485,359,'2001','813.6-이66ㅎ-2'),(461,'행정정보문고센터','800(문학)','휘파람. 1',485,359,'2001','813.6-이66ㅎ-1'),(462,'이곡2동작은도서관','800(문학)','휘파람 할아버지',418,195,'2006',''),(463,'이곡2동작은도서관','800(문학)','휘파람 친구  : 추수진 동화집',641,224,'2019',''),(464,'장기동작은도서관','800(문학)','휘파람 부는 감나무',589,260,'2008',''),(465,'장기동작은도서관','800(문학)','휘파람 반장',329,279,'2009',''),(466,'용산1동작은도서관','800(문학)','휘파람 반장',329,279,'2009',''),(467,'이곡2동작은도서관','800(문학)','휘청거리는 오후',257,235,'2004',''),(468,'장기동작은도서관','800(문학)','휘청거리는 오후',255,235,'2008',''),(469,'이곡2동작은도서관','300(사회)','휘오 휘오, 불러 봐',15,313,'2011',''),(470,'행정정보문고센터','300(사회)','휘메일 리스크 : 여자를 아는 것은 이제 생존의 문제다 = Female risk',688,321,'2013','321.542-한52ㅎ'),(471,'이곡2동작은도서관','500(기술)','휘리릭 홈베이킹',272,340,'2009',''),(472,'용산1동작은도서관','800(문학)','휘경이와 꼬마 쥐',394,169,'2018',''),(473,'학산작은도서관','800(문학)','휘경이와 꼬마 쥐',394,169,'2018','813.8-오59ㅎ'),(474,'행정정보문고센터','500(기술)','휘게 육아 = Hygge parenting : 스칸디대디의 사계절',206,285,'2017','598.1-번57ㅎ'),(475,'행정정보문고센터','300(사회)','휘게 라이프, 편안하게 함께 따뜻하게 : 덴마크 행복의 원천',200,321,'2016','325.211-비878ㅎ'),(476,'학산작은도서관','300(사회)','휘게 라이프, 편안하게 함께 따뜻하게 : 덴마크 행복의 원천',200,321,'2016','325.211-비878ㅎ'),(477,'장기동작은도서관','400(순수)','훨훨 무당벌레',70,404,'2008',''),(478,'이곡2동작은도서관','400(순수)','훨훨 나는 새',254,349,'2009',''),(479,'이곡2동작은도서관','800(문학)','훨훨 간다',50,40,'2006',''),(480,'용산1동작은도서관','800(문학)','훗날 내 청춘을 떠올리면, 네가 가장 먼저 생각날 거야',145,392,'2018',''),(481,'이곡2동작은도서관','800(문학)','훔쳐보는 여자 : 민카 켄트 장편소설',234,416,'2019',''),(482,'학산작은도서관','800(문학)','훔쳐가는 노래 : 진은영 시집',614,353,'2012','811.608-창48ㅊ-349'),(483,'행정정보문고센터','800(문학)','훌훌 : 문경민 장편소설',220,143,'2022','813.7-문14ㅎ'),(484,'장기동작은도서관','800(문학)','훌쩍이의 첫사랑',186,22,'2010',''),(485,'용산1동작은도서관','800(문학)','훌쩍이의 첫사랑',186,22,'2010',''),(486,'이곡2동작은도서관','800(문학)','훌륭한 어머니들',714,297,'2006',''),(487,'행정정보문고센터','300(사회)','훌륭한 관리자의 평범한 습관들 : 조직을 관리하는 일, 사람을 책임지는 일',673,282,'2016','325.2-브294ㅎ'),(488,'장기동작은도서관','300(사회)','훌륭한 관리자의 평범한 습관들 : 조직을 관리하는 일, 사람을 책임지는 일',673,282,'2016',''),(489,'용산1동작은도서관','300(사회)','훌륭한 관리자의 평범한 습관들 : 조직을 관리하는 일, 사람을 책임지는 일',673,282,'2016',''),(490,'용산1동작은도서관','300(사회)','훌렁 쓰고 훌러덩 벗는 요술 망태기',270,271,'2016',''),(491,'용산1동작은도서관','800(문학)','훌라훌라 봉봉',166,402,'2008',''),(492,'이곡2동작은도서관','800(문학)','훌 : 배수아 소설',277,143,'2006',''),(493,'장기동작은도서관','800(문학)','훌',276,143,'2008',''),(494,'행정정보문고센터','100(철학)','訓話 365日',747,39,'1988','199.1-성15ㅎ'),(495,'이곡2동작은도서관','300(사회)','훈장님의 꿀단지',560,46,'2021',''),(496,'장기동작은도서관','800(문학)','훈이와 자전거 : 10인 동화집',49,253,'2015',''),(497,'용산1동작은도서관','800(문학)','훈이와 자전거',49,253,'2015',''),(498,'장기동작은도서관','800(문학)','훈민정음의 비밀 : 세자빈 봉씨 살인사건',72,226,'2008',''),(499,'이곡2동작은도서관','800(문학)','훈민정음의 비밀 : 세자빈 봉씨 살인사건',72,226,'2008',''),(500,'이곡2동작은도서관','700(언어)','훈민정음연구',745,232,'2005',''),(501,'장기동작은도서관','700(언어)','훈민정음 잉글리시',624,330,'2008',''),(502,'이곡2동작은도서관','700(언어)','훈민정음 : 사진과 기록으로 읽는 한글의 역사',110,157,'2013',''),(503,'장기동작은도서관','700(언어)','훈민정음 : 빛나는 한글을 품은 책',585,292,'2015',''),(504,'장기동작은도서관','300(사회)','훈민정음',123,290,'2008',''),(505,'용산1동작은도서관','700(언어)','훈민정음',506,332,'2008',''),(506,'용산1동작은도서관','400(순수)','훅이 들려주는 세포 이야기30',513,334,'2008',''),(507,'장기동작은도서관','400(순수)','훅이 들려주는 세포 이야기',513,334,'2010',''),(508,'용산1동작은도서관','400(순수)','훅 달아오른 날씨 이야기',136,167,'2011',''),(509,'이곡2동작은도서관','300(사회)','후후가 밖으로. 29',390,313,'2000',''),(510,'장기동작은도서관','800(문학)','후후가 밖으로',389,309,'2008',''),(511,'학산작은도서관','800(문학)','후회할거야 : 십대, 지금이 아니면 하지 못할 것들',21,308,'2015','818-강58ㅎ'),(512,'장기동작은도서관','100(철학)','후회없는 삶, 아름다운 나이듦',308,128,'2014',''),(513,'용산1동작은도서관','100(철학)','후회없는 삶, 아름다운 나이듦',308,128,'2014',''),(514,'용산1동작은도서관','800(문학)','후회병동 = 後悔病棟',18,304,'2019',''),(515,'장기동작은도서관','100(철학)','후회는 아무리 빨라도 어머니가 들려주는 사랑의 이야기 3',346,337,'2008',''),(516,'장기동작은도서관','800(문학)','후회 없이 살고 있나요 : 영원히 살 것처럼 사는 당신에게…',501,245,'2015',''),(517,'행정정보문고센터','900(역사)','후한서 : 본기',282,221,'2014','912.032-범64ㅎ'),(518,'용산1동작은도서관','500(기술)','후하∼ 후하∼ 크게 숨을 쉬어요！',659,2,'2007',''),(519,'용산1동작은도서관','900(역사)','후쿠오카 가자 + 벳푸·유후인 : 테라`s 2박 3일 해외여행 레시피',278,375,'2013',''),(520,'이곡2동작은도서관','900(역사)','후쿠오카 가자 + 벳푸·유후인',278,375,'2013',''),(521,'행정정보문고센터','900(역사)','후쿠오카 = Fukuoka',241,8,'2017','981.3402-박38ㅎ'),(522,'학산작은도서관','900(역사)','후쿠오카 = Fukuoka',241,8,'2017','981.3402-박38ㅎ'),(523,'행정정보문고센터','900(역사)','후쿠오카  = Fukuoka. 2 , 가서 보는 코스북',545,57,'2017','981.302-전52ㅎ-2'),(524,'행정정보문고센터','900(역사)','후쿠오카  = Fukuoka. 1 , 미리 보는 테마북',545,57,'2017','981.302-전52ㅎ-1'),(525,'행정정보문고센터','500(기술)','후쿠시마 원전 大재앙의 진상 : 아사히신문 前 주칠 후나바시 요이치 심층취재. 下',727,56,'2014','559.10913-후192ㅎ-2'),(526,'행정정보문고센터','500(기술)','후쿠시마 원전 大재앙의 진상 : 아사히신문 前 주칠 후나바시 요이치 심층취재. 上',726,56,'2014','559.10913-후192ㅎ-1'),(527,'행정정보문고센터','300(사회)','후츠파 : 창조와 혁신은 어디서 만들어지는가',515,274,'2020','325.211-인42ㅎ'),(528,'행정정보문고센터','300(사회)','후천적 부자 : 새로운 부자의 탄생 = Acquired rich',495,388,'2016','327.04-이73ㅎ'),(529,'용산1동작은도서관','300(사회)','후진타오와 화해사회',552,105,'2008',''),(530,'장기동작은도서관','300(사회)','후지쯔 성과주의 리포트',582,112,'2008',''),(531,'이곡2동작은도서관','300(사회)','후유 깜짝 놀랐네. 30',583,313,'2000',''),(532,'행정정보문고센터','800(문학)','후와 후와',218,199,'2016','834-무292ㅎ'),(533,'장기동작은도서관','800(문학)','후와 후와',218,199,'2016',''),(534,'용산1동작은도서관','800(문학)','후와 후와',218,199,'2016',''),(535,'장기동작은도서관','800(문학)','후와 하나와 소 : 토끼 오누이의 바깥나들이',479,186,'2013',''),(536,'이곡2동작은도서관','800(문학)','후와 하나와 소',478,186,'2013',''),(537,'이곡2동작은도서관','500(기술)','후암동 식빵 : 나는 매일 아침 건강한 빵을 굽습니다',487,170,'2017',''),(538,'학산작은도서관','800(문학)','후아유. 2',508,354,'2019','814.7-이93ㅎ-2'),(539,'학산작은도서관','800(문학)','후아유. 1',508,354,'2019','814.7-이93ㅎ-1'),(540,'이곡2동작은도서관','900(역사)','후삼국을 통일한 영웅 : 왕건',312,46,'2007',''),(541,'장기동작은도서관','900(역사)','후삼국을 통일한 영웅',312,46,'2011',''),(542,'이곡2동작은도서관','900(역사)','후삼국에서 고려로. 12',681,313,'2006',''),(543,'행정정보문고센터','800(문학)','후삼국기. 3',253,112,'2000','813.6-박64ㅎ-3'),(544,'행정정보문고센터','800(문학)','후삼국기. 2',253,112,'2000','813.6-박64ㅎ-2'),(545,'행정정보문고센터','800(문학)','후삼국기. 1',253,112,'2000','813.6-박64ㅎ-1'),(546,'이곡2동작은도서관','900(역사)','후삼국과 고려. 4',395,37,'2003',''),(547,'이곡2동작은도서관','300(사회)','후불제 민주주의 : 유시민의 헌법 에세이',423,99,'2009',''),(548,'이곡2동작은도서관','300(사회)','후불제 민주주의 : 유시민의 헌법 에세이',423,99,'2009',''),(549,'학산작은도서관','800(문학)','후베르뜨와 할머니와 별 가루 수프 이야기',192,259,'2011','808.9-아12ㅇ-41'),(550,'장기동작은도서관','800(문학)','후베란트가 사람들',610,112,'2008',''),(551,'행정정보문고센터','800(문학)','후박나무 우리 집 : 고은명 장편동화',33,353,'2013','813.808-창48ㅎ-11'),(552,'장기동작은도서관','800(문학)','후루룩 쪽, 국수를 먹어요',669,172,'2012',''),(553,'행정정보문고센터','300(사회)','후루룩 셰프의 예절 레시피',28,79,'2015','385-강74ㅎ'),(554,'이곡2동작은도서관','500(기술)','후다닥 한끼 186가지 : 바쁜 웰빙족을 위한 스피드',65,129,'2008',''),(555,'이곡2동작은도서관','800(문학)','후다닥 쿵쾅!',403,44,'2020',''),(556,'이곡2동작은도서관','400(순수)','후끈후끈 동물원에서 여름을 나요',633,261,'2008',''),(557,'학산작은도서관','800(문학)','후견인 : 김비은 장편추리소설',83,11,'2013','813.6-김48ㅎ'),(558,'학산작은도서관','800(문학)','후견인 : 김비은 장편추리소설',83,11,'2013','813.6-김48ㅎ=2'),(559,'장기동작은도서관','500(기술)','효재처럼 손으로',510,345,'2009',''),(560,'이곡2동작은도서관','500(기술)','효재처럼 : 자연으로 상 차리고 살림하고',511,119,'2006',''),(561,'행정정보문고센터','300(사회)','효재이모와 전통 놀이 해요',512,211,'2013','380.911-이95ㅎ'),(562,'행정정보문고센터','500(기술)','효재의 살림풍류 : 서울과 시골을 오가는 유쾌한 이중생활',511,249,'2015','591-이95ㅎ'),(563,'행정정보문고센터','500(기술)','효재 이모처럼 지구를 살려요',619,212,'2014','591-채68ㅎ'),(564,'장기동작은도서관','500(기술)','효재 이모의 사계절 뜰에서',620,211,'2014',''),(565,'이곡2동작은도서관','300(사회)','효자와 눈썹없는 호랑이. 1',454,37,'2002',''),(566,'장기동작은도서관','300(사회)','효자와 눈썹없는 호랑이',453,37,'2008',''),(567,'행정정보문고센터','100(철학)','효자열전',80,53,'2001','192.7-김45ㅎ'),(568,'장기동작은도서관','800(문학)','효자가 된 불효자',280,37,'2010',''),(569,'학산작은도서관','300(사회)','효자 노릇도 손발이 맞아야',260,289,'1998','388.311-박66ㅎ'),(570,'이곡2동작은도서관','900(역사)','효심으로 지은절 : 통일신라의 발전',64,90,'2008',''),(571,'행정정보문고센터','300(사회)','효심 깊은 호랑이. 16',134,400,'2014','388.311-보36-16'),(572,'장기동작은도서관','500(기술)','효소의 비밀',347,257,'2014',''),(573,'용산1동작은도서관','500(기술)','효소의 비밀',347,257,'2014',''),(574,'이곡2동작은도서관','400(순수)','효소동의보감 : 내 몸을 살리는 산야초',548,50,'2012',''),(575,'이곡2동작은도서관','300(사회)','효성스러운 호랑이. 15',417,111,'2006',''),(576,'이곡2동작은도서관','100(철학)','효성 깊은 며느리와 호랑이',634,39,'2004',''),(577,'용산1동작은도서관','700(언어)','효린파파와 함께하는 참 쉬운, 엄마표 영어  : 영어 울렁증 엄마도 할 수 있는 엄마표 영어',303,54,'2019',''),(578,'학산작은도서관','800(문학)','효리 누나, 혼저옵서예 : 제주로 간 젊은 작가의 알바학 개론',617,222,'2015','818-차64ㅎ'),(579,'용산1동작은도서관','800(문학)','효도왕 선발 대회 : 효도의 즐거움을 알려주는 책',340,321,'2016',''),(580,'장기동작은도서관','800(문학)','효도 바위',630,37,'2010',''),(581,'이곡2동작은도서관','900(역사)','효녀 지은. 26',81,37,'2006',''),(582,'장기동작은도서관','900(역사)','효녀 지은',82,37,'2007',''),(583,'이곡2동작은도서관','300(사회)','효녀 심청. 48',416,267,'2006',''),(584,'이곡2동작은도서관','300(사회)','효녀 심청. 40',477,111,'2006',''),(585,'행정정보문고센터','800(문학)','효녀 심청',242,216,'2005','808.9-안24ㅎ'),(586,'이곡2동작은도서관','800(문학)','효녀 심청',242,216,'2006',''),(587,'장기동작은도서관','300(사회)','효녀 심청',750,61,'2009',''),(588,'이곡2동작은도서관','300(사회)','효녀 심청',554,46,'2021',''),(589,'용산1동작은도서관','800(문학)','효경. 2',4,405,'2016',''),(590,'용산1동작은도서관','800(문학)','효경. 1',4,405,'2016',''),(591,'행정정보문고센터','300(사회)','횡설수설하지 않고 정확하게 설명하는 법 : 당신이 설명을 못하는 데는 사소한 이유가 있다',32,23,'2017','325.26-고16ㅎ'),(592,'이곡2동작은도서관','300(사회)','횡설수설하지 않고 정확하게 설명하는 법 : 당신이 설명을 못하는 데는 사소한 이유가 있다',32,23,'2017',''),(593,'이곡2동작은도서관','800(문학)','횡설수설 소동. 29',658,313,'2004',''),(594,'행정정보문고센터','100(철학)','횡설과 수설 : 400년을 이어온 성리 논쟁에 대한 언어분석적 해명',471,10,'2012','151.5-이57ㅎ'),(595,'이곡2동작은도서관','000(총류)','횔덜린의 송가 (이스터)',194,100,'2005',''),(596,'이곡2동작은도서관','000(총류)','횔덜린의 송가 (이스터)',194,100,'2005',''),(597,'용산1동작은도서관','600(예술)','회화',481,243,'2008',''),(598,'이곡2동작은도서관','800(문학)','회전목마',286,251,'2005',''),(599,'용산1동작은도서관','800(문학)','회장이면 다야(네버랜드 꾸러기 문고.18)',698,251,'2008',''),(600,'이곡2동작은도서관','800(문학)','회장이면 다야',696,251,'2005',''),(601,'장기동작은도서관','800(문학)','회장이면 다야',695,251,'2008',''),(602,'장기동작은도서관','800(문학)','회장이면 다야',695,251,'2008',''),(603,'용산1동작은도서관','800(문학)','회장이면 다야',697,251,'2008',''),(604,'용산1동작은도서관','800(문학)','회장이 되고 싶어',316,220,'2013',''),(605,'용산1동작은도서관','000(총류)','회의주의자 사전',172,331,'2008',''),(606,'장기동작은도서관','800(문학)','회의를 하면 답을 내라',547,154,'2014',''),(607,'용산1동작은도서관','800(문학)','회의를 하면 답을 내라',547,154,'2014',''),(608,'행정정보문고센터','000(총류)','회의 진행법 강의',752,171,'1993','060.1-허95ㅎ'),(609,'장기동작은도서관','000(총류)','회의 잘하는 법',188,28,'2008',''),(610,'행정정보문고센터','300(사회)','회의 반으로 줄이고 두 배로 잘하는 법',414,27,'2003','325.41-우86ㅎ'),(611,'행정정보문고센터','800(문학)','회원님을 초대했습니다 : 열두 살, 평범한 아이들의 소중한 이야기',77,134,'2015','813.8-김38ㅎ'),(612,'용산1동작은도서관','800(문학)','회원님을 초대했습니다 : 열두 살, 평범한 아이들의 소중한 이야기',77,134,'2015',''),(613,'학산작은도서관','800(문학)','회원님을 초대했습니다 : 열두 살, 평범한 아이들의 소중한 이야기',77,134,'2015','813.8-김38ㅎ'),(614,'학산작은도서관','800(문학)','회색판화 : 최종남 소설',638,399,'2006','813.6-최75ㅎ'),(615,'이곡2동작은도서관','400(순수)','회색물범은 부지런해',650,311,'2017',''),(616,'이곡2동작은도서관','400(순수)','회색곰 왑의 삶',372,350,'2004',''),(617,'장기동작은도서관','400(순수)','회색곰 왑의 삶',371,350,'2008',''),(618,'이곡2동작은도서관','800(문학)','회색 인간 : 김동식 소설집',74,305,'2017',''),(619,'행정정보문고센터','800(문학)','회색 인간 : 김동식 소설집',74,305,'2018','813.7-김25ㅎ=2'),(620,'학산작은도서관','800(문학)','회색 인간  : 김동식 소설집',74,305,'2018','813.7-김25ㅎ'),(621,'행정정보문고센터','800(문학)','회색 인간',74,305,'2017','813.7-김25ㅎ'),(622,'용산1동작은도서관','800(문학)','회색 인간',74,305,'2018',''),(623,'이곡2동작은도서관','800(문학)','회색 아이',178,193,'2014',''),(624,'학산작은도서관','800(문학)','회색 병동 : 이인철 詩集',492,336,'2012','811.6-이68ㅎ'),(625,'학산작은도서관','800(문학)','회상의 숲 : 박이도 시집',263,143,'1998','811.6-박68ㅎ'),(626,'이곡2동작은도서관','300(사회)','회사의 언어 : 직장 언어 탐구 생활',71,282,'2016',''),(627,'행정정보문고센터','300(사회)','회사의 언어',71,282,'2016','325.26-김192ㅎ'),(628,'행정정보문고센터','300(사회)','회사의 목적은 이익이 아니다 : 13년 연속 고객만족도 1위 기업 넷츠토요타난고쿠 창업자의 경영철학',406,376,'2016','325.1-요875ㅎ'),(629,'장기동작은도서관','300(사회)','회사에서 읽는 아들러 심리학 : 출근이 괴로운 직장인을 위한 인간관계',387,185,'2015',''),(630,'장기동작은도서관','300(사회)','회사에서 바로 통하는 돋보이는 기획서',472,412,'2008',''),(631,'행정정보문고센터','300(사회)','회사에서 나만 그래 : 언니들이 알려주는 조직생활 노하우 26',374,367,'2021','325.211-언198ㅎ'),(632,'장기동작은도서관','300(사회)','회사습관병 : 공감 100% 회사 내 이런 직원 꼭 있다!',413,228,'2015',''),(633,'장기동작은도서관','300(사회)','회사생활 10년을 좌우하는 3％ 습관',84,1,'2008',''),(634,'행정정보문고센터','300(사회)','會社法',746,181,'1991','360.077-부38ㅎ'),(635,'행정정보문고센터','300(사회)','회사를 그만둬도 돈 걱정 없는 인생 : 준비한 만큼 즐기는 퇴직금 사용설명서',315,1,'2016','327.83-송57ㅎ'),(636,'용산1동작은도서관','300(사회)','회사는 유치원이 아니다  : 꼰대의 일격!',584,1,'2020',''),(637,'용산1동작은도서관','300(사회)','회사가 여자에게 절대 알려주지 않는 24가지 비밀',612,84,'2008',''),(638,'이곡2동작은도서관','300(사회)','회사가 붙잡는 사람들의 1%비밀',343,316,'2009',''),(639,'이곡2동작은도서관','300(사회)','회사가 붙잡는 사람들의 1%비밀',343,316,'2009',''),(640,'행정정보문고센터','300(사회)','회사가 붙잡는 사람들의 1％ 비밀',343,321,'2009','325.04-신94ㅎ'),(641,'용산1동작은도서관','300(사회)','회사가 붙잡는 사람들의 1％ 비밀',343,321,'2009',''),(642,'행정정보문고센터','300(사회)','회사가 붙잡는 사람들의 1％ 비밀',343,321,'2011','325.04-신94ㅎ=2'),(643,'행정정보문고센터','300(사회)','회사가 당신에게 알려주지 않는 50가지 비밀',337,227,'2007','325.04-샤89ㅎ'),(644,'행정정보문고센터','300(사회)','회사가 당신에게 알려주지 않는 50가지 비밀',337,227,'2007','325.04-샤89ㅎ=3'),(645,'이곡2동작은도서관','300(사회)','회사가 당신에게 알려주지 않는 50가지 비밀',338,227,'2007',''),(646,'용산1동작은도서관','300(사회)','회사가 당신에게 알려주지 않는 50가지 비밀',339,227,'2008',''),(647,'행정정보문고센터','300(사회)','회사가 당신에게 알려주지 않는 50가지 비밀',337,227,'2010','325.04-샤89ㅎ=2'),(648,'장기동작은도서관','300(사회)','회사 속 사람의 법칙:일보다 사람이 힘든 당신에게',173,57,'2008',''),(649,'이곡2동작은도서관','800(문학)','회사 버리고 어쩌다 빵집 알바생',31,124,'2022',''),(650,'용산1동작은도서관','800(문학)','회사 밥맛',297,264,'2020',''),(651,'이곡2동작은도서관','800(문학)','회사 괴물',586,344,'2013',''),(652,'행정정보문고센터','800(문학)','회사 가지 마!',556,364,'2011','813.8-정56ㅎ'),(653,'이곡2동작은도서관','800(문학)','회사 가지 마!',556,364,'2011',''),(654,'행정정보문고센터','300(사회)','회복하는 힘 : 누구나 쓰러지는 때가 있다',363,59,'2015','331.54-졸298ㅎ'),(655,'장기동작은도서관','800(문학)','회복하는 인간 = Convalescence',683,4,'2013',''),(656,'이곡2동작은도서관','100(철학)','회복탄력성 = Resilience : 시련을 행운으로 바꾸는 유쾌한 비밀',111,321,'2011',''),(657,'행정정보문고센터','100(철학)','회복탄력성 : 시련을 행운으로 바꾸는 유쾌한 비밀 = Resilience',111,321,'2011','189-김76ㅎ'),(658,'용산1동작은도서관','100(철학)','회복탄력성 : 시련을 행운으로 바꾸는 유쾌한 비밀',111,321,'2012',''),(659,'장기동작은도서관','100(철학)','회복탄력성',111,321,'2013',''),(660,'이곡2동작은도서관','800(문학)','회랑정 살인사건 : 히가시노 게이고 장편소설',739,120,'2008',''),(661,'행정정보문고센터','800(문학)','회랑정 살인사건',739,18,'2016','833.6-히12ㅎ'),(662,'용산1동작은도서관','800(문학)','회랑정 살인사건',738,17,'2020',''),(663,'장기동작은도서관','800(문학)','회귀천 정사',169,250,'2011',''),(664,'용산1동작은도서관','800(문학)','회귀천 정사',169,250,'2011',''),(665,'행정정보문고센터','300(사회)','회계학 콘서트',679,401,'2008','325.9-하63ㅎ'),(666,'행정정보문고센터','300(사회)','회계학 콘서트',679,401,'2008','325.9-하63ㅎ=2'),(667,'용산1동작은도서관','300(사회)','회계천재가 된 홍대리 . 5: 자금조달과 성장의 비밀',313,84,'2010',''),(668,'용산1동작은도서관','300(사회)','회계천재가 된 홍대리 . 4: 원가관리와 성장의 비밀',313,84,'2010',''),(669,'용산1동작은도서관','300(사회)','회계천재가 된 홍대리 . 3: 세금과 성장의 비밀',313,84,'2010',''),(670,'장기동작은도서관','300(사회)','회계천재가 된 홍대리 . 2: 이익과 성장의 비밀',313,84,'2008',''),(671,'용산1동작은도서관','300(사회)','회계천재가 된 홍대리 . 2: 이익과 성장의 비밀',313,84,'2010',''),(672,'용산1동작은도서관','300(사회)','회계천재가 된 홍대리 . 1: 회계와 성장의 비밀',313,84,'2010',''),(673,'행정정보문고센터','300(사회)','會計理論',753,443,'1989','325.9-김64ㅎ'),(674,'행정정보문고센터','300(사회)','회계의 이해=Accounting 101',274,254,'2020','325.9-반54ㅎ'),(675,'이곡2동작은도서관','300(사회)','회계원리',141,97,'2005',''),(676,'장기동작은도서관','300(사회)','회계사 아빠가 딸에게 보내는 32+1통의 편지/ 비룡소 청소년 8',366,195,'2008',''),(677,'용산1동작은도서관','300(사회)','회계사 아빠가 딸에게 보내는 32+1통의 편지 비룡소 청소년  8',366,195,'2008',''),(678,'이곡2동작은도서관','300(사회)','회계사 아빠가 딸에게 보내는 32+1통의 편지',367,195,'2007',''),(679,'행정정보문고센터','300(사회)','회계監査. 2021',163,69,'2020','325.956-도74ㅎ-2021'),(680,'장기동작은도서관','300(사회)','회계 천재가 된 홍대리 . 3: 세금과 성장의 비밀',313,84,'2008',''),(681,'장기동작은도서관','300(사회)','회계 천재가 된 홍대리 . 1',313,84,'2008',''),(682,'용산1동작은도서관','300(사회)','회계 천재가 된 홍대리',313,84,'2008',''),(683,'장기동작은도서관','800(문학)','황홀한 자유',498,382,'2008',''),(684,'행정정보문고센터','800(문학)','황홀한 글감옥 : 조정래 작가 생활 사십 년 자전 에세이',594,252,'2009','814.6-조74ㅎ'),(685,'용산1동작은도서관','800(문학)','황홀한 글감옥 : 조정래 작가 생활 사십 년 자전 에세이',594,252,'2014',''),(686,'이곡2동작은도서관','800(문학)','황혼의 집',435,142,'2007',''),(687,'이곡2동작은도서관','800(문학)','황혼의 사냥꾼',158,147,'2005',''),(688,'용산1동작은도서관','800(문학)','황혼녘 백합의 뼈',402,191,'2008',''),(689,'이곡2동작은도서관','800(문학)','황혼',256,438,'2007',''),(690,'용산1동작은도서관','900(역사)','황혜성 우리의 맛을 세상에 알리다',271,363,'2012',''),(691,'이곡2동작은도서관','900(역사)','황토와 강이 만든 중국 문명',29,46,'2013',''),(692,'이곡2동작은도서관','300(사회)','황토는 도깨비방방이!',370,408,'[2011]',''),(693,'용산1동작은도서관','800(문학)','황토기.무녀도 외',73,397,'2008',''),(694,'장기동작은도서관','800(문학)','황토기, 무녀도 외',73,429,'2006',''),(695,'이곡2동작은도서관','800(문학)','황토 : 조정래 장편소설',593,418,'2011',''),(696,'행정정보문고센터','800(문학)','황태자비 납치사건 : 김진명 장편소설. 2',116,418,'2001','813.6-김76ㅎ-2'),(697,'이곡2동작은도서관','800(문학)','황태자비 납치사건 : 김진명 장편소설. 2',116,418,'2007',''),(698,'행정정보문고센터','800(문학)','황태자비 납치사건 : 김진명 장편소설. 1',116,418,'2001','813.6-김76ㅎ-1'),(699,'이곡2동작은도서관','800(문학)','황태자비 납치사건 : 김진명 장편소설. 1',116,418,'2007',''),(700,'용산1동작은도서관','800(문학)','황태자비 납치사건 : 김진명 장편소설',116,222,'2010',''),(701,'장기동작은도서관','800(문학)','황진이.2',541,326,'2008',''),(702,'장기동작은도서관','800(문학)','황진이.1',541,326,'2008',''),(703,'행정정보문고센터','100(철학)','황진이, 선악과를 말하다',724,3,'2005','189-황78ㅎ'),(704,'행정정보문고센터','800(문학)','황진이 : 홍석중 장편소설',711,148,'2002','813.6-홍54ㅎ'),(705,'학산작은도서관','800(문학)','황진이 : 전경린 장편소설. 2',542,326,'2005','813.6-전14ㅎ-2'),(706,'이곡2동작은도서관','800(문학)','황진이 : 전경린 장편소설. 2',542,326,'2006',''),(707,'학산작은도서관','800(문학)','황진이 : 전경린 장편소설. 1',542,334,'2004','813.6-전14ㅎ-1'),(708,'이곡2동작은도서관','800(문학)','황진이 : 전경린 장편소설. 1',542,326,'2006',''),(709,'이곡2동작은도서관','100(철학)','황종희 평전',324,99,'2009',''),(710,'이곡2동작은도서관','400(순수)','황제펭귄은 대단해',209,311,'2017',''),(711,'이곡2동작은도서관','800(문학)','황제의 코담배케이스',603,419,'2005',''),(712,'용산1동작은도서관','800(문학)','황제의 코담배케이스',604,419,'2008',''),(713,'용산1동작은도서관','800(문학)','황제의 칼데라 : 강유일 장편소설',23,143,'2010',''),(714,'이곡2동작은도서관','100(철학)','황제의 철학',193,238,'2004',''),(715,'이곡2동작은도서관','900(역사)','황제의 유언 : 진나라 시황에서 청나라 강희제까지, 중국사 5천 년의 운명을 바꾼 최후의 말 한마디',700,197,'2010',''),(716,'장기동작은도서관','900(역사)','황제의 용인술 : 유능한 천재 하나가 만리장성보다 낫다!',326,59,'2008',''),(717,'용산1동작은도서관','800(문학)','황제의 여자',486,113,'2008',''),(718,'이곡2동작은도서관','900(역사)','황제의 시대를 끝낸 중화민국',281,46,'2013',''),(719,'장기동작은도서관','800(문학)','황제의 선택',635,161,'2020',''),(720,'용산1동작은도서관','800(문학)','황제의 선택',635,161,'2020',''),(721,'이곡2동작은도서관','900(역사)','황제의 마음을 빼앗은 양귀비 : 당나라의 멸망',92,409,'2018',''),(722,'이곡2동작은도서관','900(역사)','황제의 나라 진, 비단길과 유교의 나라 한',30,46,'2013',''),(723,'장기동작은도서관','800(문학)','황제의 꿈.2부 1',484,323,'2008',''),(724,'학산작은도서관','800(문학)','황제의 꿈. 3',485,137,'1992','813.6-이66ㅎ-3'),(725,'학산작은도서관','800(문학)','황제의 꿈. 2부 1',485,137,'1992','813.6-이66ㅎ-2-1'),(726,'학산작은도서관','800(문학)','황제의 꿈. 1',485,137,'1992','813.6-이66ㅎ-1'),(727,'이곡2동작은도서관','300(사회)','황제의 길 (창업편)',217,131,'2004',''),(728,'장기동작은도서관','800(문학)','황제의 검 : 임무성 장편소설. 2',521,118,'2010',''),(729,'용산1동작은도서관','800(문학)','황제의 검 : 임무성 장편소설. 2',521,120,'2010',''),(730,'장기동작은도서관','800(문학)','황제의 검 : 임무성 장편소설. 1',521,118,'2010',''),(731,'용산1동작은도서관','800(문학)','황제의 검 : 임무성 장편소설. 1',521,120,'2010',''),(732,'이곡2동작은도서관','800(문학)','황제와 윗도리 : 동유럽 설화',85,160,'2006',''),(733,'장기동작은도서관','800(문학)','황제와 나이팅게일',671,403,'2008',''),(734,'행정정보문고센터','800(문학)','황제와 나이팅게일',355,408,'2013','808.3-뉴55-16'),(735,'장기동작은도서관','800(문학)','황제를 위하여.2',451,157,'2008',''),(736,'장기동작은도서관','800(문학)','황제를 위하여.1',451,157,'2008',''),(737,'이곡2동작은도서관','800(문학)','황제를 위하여. 52',452,157,'2005',''),(738,'이곡2동작은도서관','800(문학)','황제를 위하여. 51',452,157,'2005',''),(739,'학산작은도서관','800(문학)','황제를 위하여. 1',452,157,'2005','808-세14ㅁ-51'),(740,'용산1동작은도서관','800(문학)','황제를 위하여 2',452,157,'2008',''),(741,'용산1동작은도서관','800(문학)','황제를 위하여 1',452,157,'2008',''),(742,'학산작은도서관','800(문학)','황제를 위하여 : 이문열 장편소설. 2',452,157,'2005','808-세14ㅁ-52'),(743,'이곡2동작은도서관','900(역사)','황제들의 중국사',292,99,'2005',''),(744,'장기동작은도서관','900(역사)','황제들의 중국사',291,99,'2008',''),(745,'용산1동작은도서관','900(역사)','황제들의 중국사',293,99,'2008',''),(746,'장기동작은도서관','100(철학)','황제도 구할 수 없는 향료',385,217,'2015',''),(747,'이곡2동작은도서관','500(기술)','황제내경영추',639,333,'2004',''),(748,'이곡2동작은도서관','500(기술)','황제내경영추',639,333,'2004',''),(749,'학산작은도서관','500(기술)','황제내경과 생명과학',142,182,'2015','519.0912-남95ㅎ'),(750,'장기동작은도서관','500(기술)','황제내경, 인간의 몸을 읽다',538,381,'2015',''),(751,'학산작은도서관','500(기술)','황제내경, 인간의 몸을 읽다',538,381,'2015','519.1-장86ㅎ'),(752,'이곡2동작은도서관','900(역사)','황제가 된 옥타비아누스 : 로마 제정 시대',602,409,'2018',''),(753,'용산1동작은도서관','900(역사)','황우석의 꿈',465,101,'2008',''),(754,'이곡2동작은도서관','800(문학)','황야의 이리. 67',706,157,'2006',''),(755,'학산작은도서관','800(문학)','황야의 이리',707,157,'2005','808-세14ㅁ-67'),(756,'장기동작은도서관','800(문학)','황야의 이리',705,157,'2008',''),(757,'용산1동작은도서관','800(문학)','황야의 이리',708,157,'2008',''),(758,'이곡2동작은도서관','800(문학)','황야의 수탉 : 미셸 투르니에 소설집',223,423,'2005',''),(759,'장기동작은도서관','800(문학)','황야의 수탉',655,423,'2008',''),(760,'용산1동작은도서관','800(문학)','황야의 수탉',224,423,'2008',''),(761,'장기동작은도서관','800(문학)','황순원문학상수상작품집.제6회(2006)',47,348,'2008',''),(762,'행정정보문고센터','800(문학)','황순원문학상 수상작품집, 언니의 폐경',132,347,'2005','813.6-김96ㅎ'),(763,'행정정보문고센터','800(문학)','황순원문학상 수상작품집, 언니의 폐경',132,347,'2005','813.6-김96ㅎ=2'),(764,'행정정보문고센터','800(문학)','황순원문학상 수상작품집, 언니의 폐경',132,347,'2005','813.6-김96ㅎ=3'),(765,'행정정보문고센터','800(문학)','황순원문학상 수상작품집, 언니의 폐경',132,347,'2005','813.6-김96ㅎ=4'),(766,'학산작은도서관','300(사회)','황소채찍효과 = Bullwhip effect',87,166,'2018','325.6-김56ㅎ'),(767,'장기동작은도서관','600(예술)','황소의 혼을 사로잡은 이중섭 그림으로 만난 세계의 미술가들',628,268,'2008',''),(768,'행정정보문고센터','800(문학)','황소와 도깨비 : 천재 작가 이상이 남긴 단 한 편의 동화',460,81,'2007','813.8-이52ㅎ-1'),(769,'행정정보문고센터','800(문학)','황소와 도깨비 : 천재 작가 이상이 남긴 단 한 편의 동화',460,81,'2007','813.8-이52ㅎ-1=2'),(770,'이곡2동작은도서관','800(문학)','황소와 도깨비',461,178,'2007',''),(771,'용산1동작은도서관','800(문학)','황소아저씨(캄보디아어.영어 다국어판)',52,58,'2014',''),(772,'용산1동작은도서관','800(문학)','황소아저씨(중국어.영어 다국어판)',52,58,'2014',''),(773,'용산1동작은도서관','800(문학)','황소아저씨(베트남어.영어 다국어판)',52,58,'2014',''),(774,'장기동작은도서관','300(사회)','황소 이명박',496,168,'2008',''),(775,'행정정보문고센터','800(문학)','황소 아저씨. 5',51,58,'2005','813.8-권74ㅎ-5=2'),(776,'행정정보문고센터','800(문학)','황소 아저씨',51,58,'2005','813.8-권74ㅎ-5'),(777,'용산1동작은도서관','800(문학)','황소 아저씨',52,58,'2012',''),(778,'학산작은도서관','800(문학)','황석우. 2',721,368,'2013','811.08-큰17ㅋ-35'),(779,'학산작은도서관','800(문학)','황석우. 1',721,368,'2013','811.08-큰17ㅋ-34'),(780,'행정정보문고센터','800(문학)','황석영의 한국 명단편 101. 10, 너에게로 가는 길',719,143,'2015','813.609-황54ㅎ-10'),(781,'행정정보문고센터','800(문학)','황석영의 한국 명단편 101. 09, 위태로운 일상',719,143,'2015','813.609-황54ㅎ-9'),(782,'행정정보문고센터','800(문학)','황석영의 한국 명단편 101. 08, 나와 너',719,143,'2015','813.609-황54ㅎ-8'),(783,'행정정보문고센터','800(문학)','황석영의 한국 명단편 101. 07, 변혁과 미완의 출발',719,143,'2015','813.609-황54ㅎ-7'),(784,'행정정보문고센터','800(문학)','황석영의 한국 명단편 101. 06, 억압과 욕망',719,143,'2015','813.609-황54ㅎ-6'),(785,'행정정보문고센터','800(문학)','황석영의 한국 명단편 101. 05, 생존의 상처',719,143,'2015','813.609-황54ㅎ-5'),(786,'행정정보문고센터','800(문학)','황석영의 한국 명단편 101. 04, 폭력의 근대화',719,143,'2015','813.609-황54ㅎ-4'),(787,'행정정보문고센터','800(문학)','황석영의 한국 명단편 101. 03, 폐허의 잡초처럼',719,143,'2015','813.609-황54ㅎ-3'),(788,'행정정보문고센터','800(문학)','황석영의 한국 명단편 101. 02, 해방과 전쟁',719,143,'2015','813.609-황54ㅎ-2'),(789,'행정정보문고센터','800(문학)','황석영의 한국 명단편 101. 01, 식민지의 어둠',719,143,'2015','813.609-황54ㅎ-1'),(790,'이곡2동작은도서관','800(문학)','황석영의 밥도둑 : 황석영 산문',720,38,'2016',''),(791,'행정정보문고센터','800(문학)','황석영의 밥도둑',720,38,'2016','814.7-황54ㅎ'),(792,'학산작은도서관','800(문학)','황석영의 밥도둑',720,38,'2016','814.7-황54ㅎ'),(793,'용산1동작은도서관','800(문학)','황석영(20세기 한국소설.25)',631,353,'2008',''),(794,'학산작은도서관','800(문학)','황색 여관',437,171,'2007','812.64-이12ㅎ'),(795,'이곡2동작은도서관','300(사회)','황새의 목은 왜 길어졌을까요. 16',712,111,'2005',''),(796,'이곡2동작은도서관','800(문학)','황새가 된 임금님 = Emperor who turned into a stork',290,261,'2018',''),(797,'용산1동작은도서관','800(문학)','황새가 된 임금님',680,309,'2003',''),(798,'이곡2동작은도서관','800(문학)','황산 : 아멜리 노통브 장편소설',350,145,'2006',''),(799,'용산1동작은도서관','800(문학)','황산',349,145,'2008',''),(800,'이곡2동작은도서관','500(기술)','황사',3,107,'2004',''),(801,'장기동작은도서관','800(문학)','황명걸 시화집 : 그림과 함께 다시 읽는 천 년의 시',718,157,'2008',''),(802,'행정정보문고센터','800(문학)','황만근은 이렇게 말했다 : 성석제소설집',304,356,'2002','813.6-성54ㅎ'),(803,'행정정보문고센터','800(문학)','황만근은 이렇게 말했다 : 성석제소설집',304,356,'2002','813.6-성54ㅎ=2'),(804,'이곡2동작은도서관','900(역사)','황룡사의 두 보물. 28',518,37,'2006',''),(805,'장기동작은도서관','900(역사)','황룡사의 두 보물',519,37,'2007',''),(806,'행정정보문고센터','800(문학)','황금팽이',701,426,'2010','813.8-허67ㅎ'),(807,'장기동작은도서관','800(문학)','황금팽이',702,426,'2010',''),(808,'이곡2동작은도서관','800(문학)','황금팽이',701,426,'2010',''),(809,'행정정보문고센터','800(문학)','황금지붕 : 오수연 소설집',392,256,'2007','813.6-오56ㅎ'),(810,'학산작은도서관','800(문학)','황금지붕 : 오수연 소설집',393,256,'2007','813.6-오56ㅎ'),(811,'장기동작은도서관','800(문학)','황금이 나오는 집',126,37,'2010',''),(812,'행정정보문고센터','300(사회)','황금의 씨앗을 뿌려라 : 10대를 위한 공병호의 자기경영노트',39,1,'2002','325.04-공44ㅎ'),(813,'이곡2동작은도서관','800(문학)','황금의 비밀',330,158,'2004',''),(814,'이곡2동작은도서관','600(예술)','황금의 마법사 클림트',89,83,'2005',''),(815,'장기동작은도서관','000(총류)','황금의 마법 연금술',108,250,'2008',''),(816,'장기동작은도서관','800(문학)','황금의 땅 엘도라도',185,218,'2011',''),(817,'이곡2동작은도서관','800(문학)','황금의 땅 엘도라도',184,218,'2011',''),(818,'장기동작은도서관','900(역사)','황금으로 만든 나라는 왜 사라졌을까 : 마야, 잉카, 아즈텍까지 신비한 고대 문명의 미스터리',128,395,'2015',''),(819,'용산1동작은도서관','900(역사)','황금으로 만든 나라는 왜 사라졌을까 : 마야, 잉카, 아즈텍까지 신비한 고대 문명의 미스터리',128,395,'2015',''),(820,'장기동작은도서관','800(문학)','황금열쇠',597,306,'2008',''),(821,'용산1동작은도서관','700(언어)','황금연휴 일본어 혼자서 끝내기.2단계',516,121,'2008',''),(822,'용산1동작은도서관','700(언어)','황금연휴 일본어 혼자서 끝내기.1단계',516,121,'2008',''),(823,'용산1동작은도서관','300(사회)','황금알을 낳는 돼지 저금통',373,214,'2008',''),(824,'용산1동작은도서관','300(사회)','황금수도꼭지 : 목적경영이 만들어낸 기적',431,258,'2018',''),(825,'이곡2동작은도서관','800(문학)','황금삼각형',215,60,'2002',''),(826,'용산1동작은도서관','800(문학)','황금산의 오렌지',384,369,'2008',''),(827,'장기동작은도서관','300(사회)','황금사과-벌레먹은과일을황금사과로만드는9가지자기혁신법칙',646,135,'2008',''),(828,'행정정보문고센터','300(사회)','황금사과',645,136,'2006','325.04-애295ㅎ=2'),(829,'이곡2동작은도서관','400(순수)','황금빛 호박. 19',421,313,'2006',''),(830,'용산1동작은도서관','800(문학)','황금빛 오후의 만남',369,295,'2008',''),(831,'이곡2동작은도서관','800(문학)','황금빛 숲으로 초대합니다',662,37,'2006',''),(832,'용산1동작은도서관','800(문학)','황금빛 물고기',67,208,'2012',''),(833,'장기동작은도서관','800(문학)','황금빛 물고기',67,208,'2013',''),(834,'이곡2동작은도서관','500(기술)','황금빛 똥을 누는 아이',627,85,'2005',''),(835,'이곡2동작은도서관','400(순수)','황금비와 피보나치 수 : 미인과 걸작의 조건, 황금비',401,104,'2011',''),(836,'행정정보문고센터','800(문학)','황금비늘. 2 : 이외수장편소설',480,100,'1997','813.6-이65ㅎ-2'),(837,'행정정보문고센터','800(문학)','황금비늘. 1 : 이외수장편소설',480,100,'1997','813.6-이65ㅎ-1'),(838,'이곡2동작은도서관','800(문학)','황금붓의 소녀',196,393,'2007',''),(839,'용산1동작은도서관','800(문학)','황금붓의 소녀',195,393,'2008',''),(840,'용산1동작은도서관','800(문학)','황금보의 신비로운 부자 수업',491,344,'2021',''),(841,'장기동작은도서관','300(사회)','황금보다 더 좋은친구',549,37,'2008',''),(842,'이곡2동작은도서관','300(사회)','황금보다 더 좋은 친구. 28',550,37,'2006',''),(843,'용산1동작은도서관','300(사회)','황금법칙',596,226,'2010',''),(844,'이곡2동작은도서관','800(문학)','황금벌레 : 고종의 독립운동 비자금, 100년만에 모습을 드러내다',267,162,'2019',''),(845,'장기동작은도서관','800(문학)','황금방울새. 2',160,324,'2015',''),(846,'이곡2동작은도서관','800(문학)','황금방울새. 2',160,323,'2015',''),(847,'장기동작은도서관','800(문학)','황금방울새. 1',160,324,'2015',''),(848,'이곡2동작은도서관','800(문학)','황금방울새. 1',160,323,'2015',''),(849,'이곡2동작은도서관','800(문학)','황금물고기',190,143,'2008',''),(850,'이곡2동작은도서관','800(문학)','황금률',353,110,'2008',''),(851,'장기동작은도서관','500(기술)','황금레시피 : 전국 화제의 맛집 비법을 담은, KBS 2TV 생생정보',11,47,'2016',''),(852,'용산1동작은도서관','500(기술)','황금레시피 : 전국 화제의 맛집 비법을 담은, KBS 2TV 생생정보',11,47,'2016',''),(853,'이곡2동작은도서관','800(문학)','황금날개야, 나 어떡해',509,64,'2005',''),(854,'이곡2동작은도서관','800(문학)','황금날개야, 나 어떡해',509,64,'2005',''),(855,'이곡2동작은도서관','800(문학)','황금나침반. 하:, 호박색 망원경.',675,59,'2001',''),(856,'이곡2동작은도서관','800(문학)','황금나침반. 상:, 호박색 망원경',675,59,'2001',''),(857,'행정정보문고센터','800(문학)','황금나침반 : 필립 풀먼 장편소설. 3, 호박색 망원경',675,59,'2007','843.6-풀34ㅎ-3'),(858,'학산작은도서관','800(문학)','황금나침반 : 필립 풀먼 장편소설. 3, 호박색 망원경',675,59,'2007','843.6-풀34ㅎ-3'),(859,'행정정보문고센터','800(문학)','황금나침반 : 필립 풀먼 장편소설. 2, 마법의 검',675,59,'2007','843.6-풀34ㅎ-2'),(860,'학산작은도서관','800(문학)','황금나침반 : 필립 풀먼 장편소설. 2, 마법의 검',675,59,'2007','843.6-풀34ㅎ-2'),(861,'행정정보문고센터','800(문학)','황금나침반 : 필립 풀먼 장편소설. 1, 황금나침반',675,59,'2008','843.6-풀34ㅎ-1'),(862,'학산작은도서관','800(문학)','황금나침반 : 필립 풀먼 장편소설. 1, 황금나침반',675,59,'2008','843.6-풀34ㅎ-1'),(863,'이곡2동작은도서관','900(역사)','황금광시대',544,212,'2005',''),(864,'행정정보문고센터','800(문학)','황금고래와의 인터뷰',102,22,'2015','813.8-김68ㅎ'),(865,'이곡2동작은도서관','800(문학)','황금거위',55,251,'2002',''),(866,'이곡2동작은도서관','700(언어)','황금강의 임금님',10,21,'2004',''),(867,'장기동작은도서관','800(문학)','황금 집게발 달린 게',379,243,'2008',''),(868,'용산1동작은도서관','800(문학)','황금 집게발 달린 게',379,243,'2008',''),(869,'용산1동작은도서관','800(문학)','황금 지붕',393,256,'2008',''),(870,'용산1동작은도서관','800(문학)','황금 지벡발 달린 게(땡땡이의 모험.9)',380,243,'2008',''),(871,'장기동작은도서관','300(사회)','황금 조기의 꿈',522,290,'2008',''),(872,'용산1동작은도서관','800(문학)','황금 열쇠의 비밀',365,195,'2010',''),(873,'이곡2동작은도서관','800(문학)','황금 열쇠의 비밀',364,195,'2010',''),(874,'행정정보문고센터','800(문학)','황금 열쇠',58,218,'2011','853-그298ㅎ'),(875,'장기동작은도서관','800(문학)','황금 열쇠',59,218,'2011',''),(876,'용산1동작은도서관','800(문학)','황금 열쇠',59,218,'2011',''),(877,'이곡2동작은도서관','300(사회)','황금 열쇠',60,218,'2011',''),(878,'학산작은도서관','800(문학)','황금 알을 낳는 새 : 세계 옛이야기 여행',430,371,'2015','808.9-윤64ㅎ'),(879,'이곡2동작은도서관','800(문학)','황금 알을 낳는 거위',467,319,'2016',''),(880,'용산1동작은도서관','800(문학)','황금 심장을 가진 공주',446,387,'2014',''),(881,'행정정보문고센터','800(문학)','황금 소년 라노페르',6,26,'2011','843-맥17ㅎ-34'),(882,'용산1동작은도서관','800(문학)','황금 소년 라노페르',7,26,'2011',''),(883,'이곡2동작은도서관','800(문학)','황금 소년 라노페르',5,26,'2011',''),(884,'이곡2동작은도서관','300(사회)','황금 섬을 찾아서',438,37,'2007',''),(885,'용산1동작은도서관','800(문학)','황금 새 구출 작전',76,425,'2017',''),(886,'이곡2동작은도서관','900(역사)','황금 상자에서 나온 아이. 7',517,37,'2006',''),(887,'장기동작은도서관','900(역사)','황금 상자에서 나온 아이',520,37,'2007',''),(888,'행정정보문고센터','800(문학)','황금 삼각형 : 현대인을 위한 최신 원전 완역본',214,365,'2015','863-아297-8'),(889,'장기동작은도서관','400(순수)','황금 사원의 비밀을 찾아라/서바이벌 과학만화.2',591,283,'2008',''),(890,'이곡2동작은도서관','800(문학)','황금 사과',318,115,'2010',''),(891,'용산1동작은도서관','800(문학)','황금 벌레',377,45,'2011',''),(892,'이곡2동작은도서관','800(문학)','황금 벌레',378,46,'2011',''),(893,'용산1동작은도서관','800(문학)','황금 물고기와 욕심쟁이 할머니 : 러시아 민화',311,302,'2006',''),(894,'행정정보문고센터','800(문학)','황금 물고기 = Gold fish',722,9,'2007','818-황58ㅎ'),(895,'이곡2동작은도서관','800(문학)','황금 물고기',180,37,'2006',''),(896,'용산1동작은도서관','800(문학)','황금 물고기',722,437,'2008',''),(897,'이곡2동작은도서관','300(사회)','황금 로봇, 출동!',561,46,'2016',''),(898,'이곡2동작은도서관','300(사회)','황금 똥을 누는 황금 고양이',299,390,'2008',''),(899,'이곡2동작은도서관','800(문학)','황금 똥을 누는 아이',713,77,'2006',''),(900,'장기동작은도서관','300(사회)','황금 대들보',482,355,'2008',''),(901,'행정정보문고센터','800(문학)','황금 노트북 : 도리스 레싱 장편소설. 3',162,313,'2007','843-레58ㅎ-3'),(902,'행정정보문고센터','800(문학)','황금 노트북 : 도리스 레싱 장편소설. 2',162,313,'2007','843-레58ㅎ-2'),(903,'행정정보문고센터','800(문학)','황금 노트북 : 도리스 레싱 장편소설. 1',162,313,'2007','843-레58ㅎ-1'),(904,'장기동작은도서관','800(문학)','황금 노트북 - 도리스 레싱 장편소설 . 3',161,201,'2008',''),(905,'장기동작은도서관','800(문학)','황금 노트북 - 도리스 레싱 장편소설 . 2',161,201,'2008',''),(906,'장기동작은도서관','800(문학)','황금 노트북 - 도리스 레싱 장편소설 . 1',161,201,'2008',''),(907,'행정정보문고센터','800(문학)','황금 깃털',555,142,'2012','813.8-정54ㅎ-119'),(908,'용산1동작은도서관','800(문학)','황금 구슬',222,143,'2008',''),(909,'이곡2동작은도서관','800(문학)','황금 공주 : 핑크 공주 두번째 이야기',289,88,'2009',''),(910,'이곡2동작은도서관','800(문학)','황금 거위 = Golden goose',56,261,'2018',''),(911,'이곡2동작은도서관','800(문학)','황금 거위',457,37,'2006',''),(912,'행정정보문고센터','800(문학)','황금 거위',57,408,'2013','808.3-뉴55-35'),(913,'장기동작은도서관','800(문학)','황구의 비명 - 천승세 소설집 소설 르네상스',621,358,'2008',''),(914,'이곡2동작은도서관','800(문학)','황 반장 똥 반장 연애 반장',317,143,'2012',''),(915,'이곡2동작은도서관','400(순수)','활활 타오르는 불꽃',305,46,'2007',''),(916,'이곡2동작은도서관','400(순수)','활활 타는 온도 ／ 연소',356,37,'2013',''),(917,'이곡2동작은도서관','400(순수)','활활 불이 있어요',44,310,'2004',''),(918,'이곡2동작은도서관','400(순수)','활활 불이 있어요',42,310,'2004',''),(919,'학산작은도서관','800(문학)','활짝 핀 꽃에서 멈추다 : 19인의 오래된 그녀들의 행복한 인생 2막 휴먼스토리',261,428,'2015','814.6-박66ㅎ'),(920,'용산1동작은도서관','800(문학)','활짝 웃는 얼굴 랄랄라 즐거운 하루',296,207,'2017',''),(921,'학산작은도서관','800(문학)','활주로가 있는 밤',204,143,'1999','811.6-마75ㅎ'),(922,'학산작은도서관','800(문학)','활주로가 있는 밤',204,143,'1999','811.6-마75ㅎ=2'),(923,'장기동작은도서관','300(사회)','활력',325,391,'2008',''),(924,'이곡2동작은도서관','900(역사)','활 잘쏘는 아버지와 지혜로운 아들 : 고구려와 백제의 건국',96,90,'2008',''),(925,'이곡2동작은도서관','300(사회)','활 잘 쏘는 총각',534,46,'2021',''),(926,'학산작은도서관','800(문학)','활 : 한만수 장편소설',687,255,'2006','813.6-한32ㅎ'),(927,'학산작은도서관','800(문학)','활 : 강정 시집',25,139,'2012','811.6-강74ㅎ'),(928,'학산작은도서관','800(문학)','환희. 3',137,368,'2012','810.82-큰17ㅋ-2-24'),(929,'학산작은도서관','800(문학)','환희. 2',137,368,'2012','810.82-큰17ㅋ-2-23'),(930,'학산작은도서관','800(문학)','환희. 1',137,368,'2012','810.82-큰17ㅋ-2-22'),(931,'이곡2동작은도서관','300(사회)','환황해권 국가의 노인복지정책',375,230,'2005',''),(932,'용산1동작은도서관','800(문학)','환혹의 죽음과 용도 = Illusion acts like magic : 모리 히로시 장편소설',212,416,'2016',''),(933,'용산1동작은도서관','800(문학)','환혹의 죽음과 용도 = Illusion acts like magic : 모리 히로시 장편소설',212,416,'2016',''),(934,'장기동작은도서관','900(역사)','환호속의경종-동아시아역사인식과역사교육의성찰/Humanlibrary',424,436,'2008',''),(935,'학산작은도서관','800(문학)','환한 적막 : 이승은 시집',469,108,'2007','811.6-이57ㅎ'),(936,'행정정보문고센터','800(문학)','환한 숨 : 조해진 소설집',599,142,'2021','813.7-조93ㅎ'),(937,'행정정보문고센터','900(역사)','환한 미소로 인사해요. 7',106,410,'2007','980.2-교15ㅎ-7'),(938,'용산1동작은도서관','900(역사)','환한 미소로 인사해요',107,410,'2007',''),(939,'이곡2동작은도서관','800(문학)','환타지카 대모험(신들의 최후 결전)',167,52,'2004',''),(940,'이곡2동작은도서관','800(문학)','환타지카 대모험(신들의 부활)',167,52,'2003',''),(941,'이곡2동작은도서관','800(문학)','환타지카 대모험(마법 펫 햄스터 딩굴)',167,52,'2003',''),(942,'이곡2동작은도서관','800(문학)','환타지카 대모험(딩굴과 마법의 아이템)',167,52,'2003',''),(943,'이곡2동작은도서관','800(문학)','환타지카 대모험(딩굴과 공포의 수마대왕)',167,52,'2004',''),(944,'학산작은도서관','300(사회)','환장할 우리 가족  : 정상 가족 판타지를 벗어나 나와 너의 가족을 위하여',715,140,'2019','332.2-홍76ㅎ'),(945,'행정정보문고센터','500(기술)','환자 혁명 : 약과 병원에 의존하던 건강 주권을 회복하라',598,284,'2017','517.3-조92ㅎ'),(946,'용산1동작은도서관','500(기술)','환자 혁명  : 약과 병원에 의존하던 건강 주권을 회복하라',598,284,'2017',''),(947,'이곡2동작은도서관','300(사회)','환율지식은 모든 경제지식의 삼분의 일',625,27,'2005',''),(948,'이곡2동작은도서관','300(사회)','환율의 역습 : 경제의 99%는 환율이다',592,318,'2011',''),(949,'행정정보문고센터','300(사회)','환율의 미래 = The future of Exchange Rate',716,286,'2016','327.94-홍85ㅎ'),(950,'장기동작은도서관','300(사회)','환율의 미래 = The future of Exchange Rate',716,286,'2016',''),(951,'이곡2동작은도서관','300(사회)','환율의 미래 = The future of Exchange Rate',716,286,'2016',''),(952,'용산1동작은도서관','300(사회)','환율 천재가 된 홍대리 : 미션을 풀며 깨쳐가는 환율 변동의 원리',434,86,'2011',''),(953,'행정정보문고센터','300(사회)','환율 천재가 된 홍대리',433,86,'2011','327.94-윤83ㅎ'),(954,'학산작은도서관','800(문학)','환영 : 김이설 장편소설',103,334,'2011','813.6-김68ㅎ'),(955,'행정정보문고센터','800(문학)','환생의 법칙  = Rule of rebirth  : 하군성 퓨전판타지 장편소설. 4',613,103,'2013','813.6-하16ㅎ-4'),(956,'행정정보문고센터','800(문학)','환생의 법칙  = Rule of rebirth  : 하군성 퓨전판타지 장편소설. 3',613,103,'2013','813.6-하16ㅎ-3'),(957,'행정정보문고센터','800(문학)','환생의 법칙  = Rule of rebirth  : 하군성 퓨전판타지 장편소설. 2',613,103,'2013','813.6-하16ㅎ-2'),(958,'행정정보문고센터','800(문학)','환생의 법칙  = Rule of rebirth  : 하군성 퓨전판타지 장편소설. 1',613,103,'2013','813.6-하16ㅎ-1'),(959,'이곡2동작은도서관','800(문학)','환생동물학교 = Peeps preschool. 3',382,192,'2018',''),(960,'이곡2동작은도서관','800(문학)','환생동물학교 = Peeps preschool. 2',382,192,'2018',''),(961,'이곡2동작은도서관','800(문학)','환생동물학교 = Peeps Preschool. 1',382,192,'2018',''),(962,'용산1동작은도서관','800(문학)','환생 프로젝트 - 다비드 사피어 장편소설',152,59,'2008',''),(963,'이곡2동작은도서관','800(문학)','환생 블루스 : 망쳤으면 어때, 또 다음 생(生)이 있는걸! : 마이클 푸어 장편소설',202,19,'2019',''),(964,'용산1동작은도서관','800(문학)','환상통 = Phantom limb pain : 이희주 장편소설',514,143,'2016',''),(965,'행정정보문고센터','800(문학)','환상의 책 : 폴 오스터 장편소설',664,293,'2004','843-오57ㅎ'),(966,'이곡2동작은도서관','800(문학)','환상의 책 : 폴 오스터 장편소설',664,293,'2004',''),(967,'용산1동작은도서관','800(문학)','환상의 책',665,293,'2008',''),(968,'용산1동작은도서관','800(문학)','환상의 여자',422,102,'2008',''),(969,'용산1동작은도서관','800(문학)','환상의 여자',13,431,'2015',''),(970,'이곡2동작은도서관','800(문학)','환상의 여자',14,431,'2015',''),(971,'이곡2동작은도서관','800(문학)','환상의 나라 오즈',12,145,'2009',''),(972,'이곡2동작은도서관','000(총류)','환상을 만드는 언론',146,109,'2004',''),(973,'용산1동작은도서관','800(문학)','환상비행 : 가짜 같은 진짜 십대 이야기',440,372,'2015',''),(974,'행정정보문고센터','800(문학)','환상비행 : 가짜 같은 진짜 십 대 이야기 : 이경화 소설집',440,372,'2015','813.6-이14ㅎ'),(975,'이곡2동작은도서관','300(사회)','환상박물관',105,25,'2004',''),(976,'용산1동작은도서관','800(문학)','환상동화',666,394,'2008',''),(977,'학산작은도서관','800(문학)','환상 정원',189,143,'2013','813.8-류95ㅎ'),(978,'행정정보문고센터','400(순수)','환상 수학게이머즈. 1, 앙마니우스와 도형의 방',323,206,'2009','410-수92ㅎ-1'),(979,'장기동작은도서관','800(문학)','환상 동화집',705,157,'2008',''),(980,'이곡2동작은도서관','000(총류)','환대에 대하여',528,100,'2004',''),(981,'용산1동작은도서관','800(문학)','환단의 후예.2',93,281,'2008',''),(982,'용산1동작은도서관','800(문학)','환단의 후예.1',93,281,'2008',''),(983,'용산1동작은도서관','800(문학)','환관탐정 미스터 야심',574,199,'2008',''),(984,'이곡2동작은도서관','900(역사)','환관 이야기 : 측근 정치의 구조',232,272,'2015',''),(985,'용산1동작은도서관','500(기술)','환경호르몬 어떻게 해결할까  : 위협받는 우리의 식탁 미세 플라스틱의 습격',269,106,'2019',''),(986,'행정정보문고센터','500(기술)','환경행정론',500,55,'2000','539.91-이82ㅎ'),(987,'이곡2동작은도서관','500(기술)','환경이랑 얼마나 친하세요',159,31,'2006',''),(988,'이곡2동작은도서관','000(총류)','환경이 욱신욱신',149,344,'2006',''),(989,'장기동작은도서관','800(문학)','환경이 욱신욱신',148,344,'2008',''),(990,'용산1동작은도서관','000(총류)','환경이 욱신욱신',150,344,'2008',''),(991,'용산1동작은도서관','000(총류)','환경이 욱신욱신',150,344,'2008',''),(992,'용산1동작은도서관','500(기술)','환경의 역습 . 1: 지구온난화',588,49,'2008',''),(993,'행정정보문고센터','500(기술)','환경보전총감  = (The)book of environment protection',686,407,'1994','539.9-한16ㅎ'),(994,'행정정보문고센터','500(기술)','환경보전총감  = (The)Book of environment protection',686,407,'1994','539.9-한16ㅎ=2'),(995,'행정정보문고센터','500(기술)','環境保健學',748,440,'1990','517.4-조66ㅎ'),(996,'행정정보문고센터','500(기술)','環境法論',744,442,'1981','539.912-구64ㅎ'),(997,'행정정보문고센터','500(기술)','환경백서. 2003',155,93,'1999','539.905-대16ㅎ-1999'),(998,'행정정보문고센터','500(기술)','환경백서 = DAEGU METROPOLITAN CITY. 2003',155,93,'2003','539.905-대16ㅎ-2003'),(999,'이곡2동작은도서관','800(문학)','환경동네 이야기',342,130,'2005',''),(1000,'테스트도서관','999(테스트)','테스트도서명',9999,9999,'2023','999.9-테99ㅌ');
/*!40000 ALTER TABLE `library_mst` ENABLE KEYS */;
UNLOCK TABLES;

--
-- Temporary view structure for view `library_view`
--

DROP TABLE IF EXISTS `library_view`;
/*!50001 DROP VIEW IF EXISTS `library_view`*/;
SET @saved_cs_client     = @@character_set_client;
/*!50503 SET character_set_client = utf8mb4 */;
/*!50001 CREATE VIEW `library_view` AS SELECT 
 1 AS `도서관순번`,
 1 AS `도서관명`*/;
SET character_set_client = @saved_cs_client;

--
-- Table structure for table `product_mst`
--

DROP TABLE IF EXISTS `product_mst`;
/*!40101 SET @saved_cs_client     = @@character_set_client */;
/*!50503 SET character_set_client = utf8mb4 */;
CREATE TABLE `product_mst` (
  `product_code` varchar(50) NOT NULL,
  `product_name` varchar(45) NOT NULL,
  PRIMARY KEY (`product_code`)
) ENGINE=InnoDB DEFAULT CHARSET=utf8mb4 COLLATE=utf8mb4_0900_ai_ci;
/*!40101 SET character_set_client = @saved_cs_client */;

--
-- Dumping data for table `product_mst`
--

LOCK TABLES `product_mst` WRITE;
/*!40000 ALTER TABLE `product_mst` DISABLE KEYS */;
INSERT INTO `product_mst` VALUES ('prm000001','아이패드 프로');
/*!40000 ALTER TABLE `product_mst` ENABLE KEYS */;
UNLOCK TABLES;

--
-- Table structure for table `publisher_mst`
--

DROP TABLE IF EXISTS `publisher_mst`;
/*!40101 SET @saved_cs_client     = @@character_set_client */;
/*!50503 SET character_set_client = utf8mb4 */;
CREATE TABLE `publisher_mst` (
  `publisher_id` int NOT NULL AUTO_INCREMENT,
  `publisher_name` varchar(200) DEFAULT NULL,
  `publisher_year` date DEFAULT NULL,
  PRIMARY KEY (`publisher_id`)
) ENGINE=InnoDB AUTO_INCREMENT=512 DEFAULT CHARSET=utf8mb4 COLLATE=utf8mb4_0900_ai_ci;
/*!40101 SET character_set_client = @saved_cs_client */;

--
-- Dumping data for table `publisher_mst`
--

LOCK TABLES `publisher_mst` WRITE;
/*!40000 ALTER TABLE `publisher_mst` DISABLE KEYS */;
INSERT INTO `publisher_mst` VALUES (1,'21세기북스',NULL),(2,'appletree tales',NULL),(3,'arui',NULL),(4,'ASIA',NULL),(5,'atnoonbooks',NULL),(6,'B.read(브.레드)',NULL),(7,'BIGHOUSE',NULL),(8,'Chalet travel book',NULL),(9,'Human & Books',NULL),(10,'Humanist',NULL),(11,'korea.com',NULL),(12,'MID 엠아이디',NULL),(13,'MiraeN 아이세움',NULL),(14,'MiraeN·아이세움',NULL),(15,'OPUs press(오퍼스프레스)',NULL),(16,'RHK',NULL),(17,'RHK ',NULL),(18,'RHK(알에이치코리아)',NULL),(19,'RHK알에이치코리아',NULL),(20,'WhatSchool',NULL),(21,'YBM si-sa',NULL),(22,'가문비어린이',NULL),(23,'갈매나무',NULL),(24,'강이북스',NULL),(25,'개마고원',NULL),(26,'개암나무',NULL),(27,'거름',NULL),(28,'경향미디어',NULL),(29,'계림',NULL),(30,'계림닷컴',NULL),(31,'계림북스쿨',NULL),(32,'고글',NULL),(33,'고래뱃속',NULL),(34,'고요아침',NULL),(35,'과학동아북스',NULL),(36,'교양인','2023-01-25'),(37,'교원','2023-01-25'),(38,'교유서가',NULL),(39,'교학사',NULL),(40,'국민서관',NULL),(41,'궁리',NULL),(42,'궁리출판',NULL),(43,'규장',NULL),(44,'그레이트 Books(그레이트북스)',NULL),(45,'그레이트Books',NULL),(46,'그레이트북스',NULL),(47,'그리고책',NULL),(48,'그림책공작소',NULL),(49,'글고은',NULL),(50,'글로북스',NULL),(51,'글뿌리',NULL),(52,'글송이',NULL),(53,'글수레',NULL),(54,'글을너머',NULL),(55,'금왕출판사',NULL),(56,'기파랑',NULL),(57,'길벗',NULL),(58,'길벗어린이',NULL),(59,'김영사',NULL),(60,'까치',NULL),(61,'꼬네상스',NULL),(62,'꿈꾸는사람들',NULL),(63,'꿈꾸는지구',NULL),(64,'꿈소담이',NULL),(65,'꿈터',NULL),(66,'나남',NULL),(67,'나남출판',NULL),(68,'나무와숲',NULL),(69,'나우퍼블리셔',NULL),(70,'난다',NULL),(71,'낮은산',NULL),(72,'넥서스',NULL),(73,'넥서스 주니어',NULL),(74,'넥서스Books',NULL),(75,'노란돼지',NULL),(76,'눈과마음',NULL),(77,'느림보',NULL),(78,'니들북 ',NULL),(79,'다락원',NULL),(80,'다른',NULL),(81,'다림',NULL),(82,'다빈치',NULL),(83,'다빈치기프트',NULL),(84,'다산북스',NULL),(85,'다섯수레',NULL),(86,'다신라이프',NULL),(87,'단비',NULL),(88,'달리',NULL),(89,'달팽이출판',NULL),(90,'대교',NULL),(91,'대교베텔스만',NULL),(92,'대교출판',NULL),(93,'대구광역시',NULL),(94,'대구직할시',NULL),(95,'대원키즈',NULL),(96,'도솔',NULL),(97,'도우미출판사',NULL),(98,'돋을새김',NULL),(99,'돌베개',NULL),(100,'동문선',NULL),(101,'동서문화',NULL),(102,'동서문화사',NULL),(103,'동아',NULL),(104,'동아사이언스',NULL),(105,'동아시아',NULL),(106,'동아엠앤비',NULL),(107,'동아일보사',NULL),(108,'동학사',NULL),(109,'두레',NULL),(110,'두레아이들',NULL),(111,'두산동아',NULL),(112,'들녘',NULL),(113,'디앤씨미디어',NULL),(114,'뜨인돌',NULL),(115,'뜨인돌어린이',NULL),(116,'뜨인돌출판',NULL),(117,'라임',NULL),(118,'랜덤하우스',NULL),(119,'랜덤하우스중앙',NULL),(120,'랜덤하우스코리아',NULL),(121,'랭귀지플러스',NULL),(122,'레드스톤',NULL),(123,'레디앙미디어',NULL),(124,'루리책방',NULL),(125,'리더스북',NULL),(126,'리더스하우스',NULL),(127,'리베르',NULL),(128,'리수',NULL),(129,'리스컴',NULL),(130,'리즈앤북',NULL),(131,'마당넓은집',NULL),(132,'마음산책',NULL),(133,'마일스톤',NULL),(134,'머스트비',NULL),(135,'명진',NULL),(136,'명진출판',NULL),(137,'모아',NULL),(138,'문예',NULL),(139,'문예중앙',NULL),(140,'문예출판사',NULL),(141,'문이당',NULL),(142,'문학과지성사',NULL),(143,'문학동네',NULL),(144,'문학사상',NULL),(145,'문학세계사',NULL),(146,'문학수첩',NULL),(147,'문학수첩리틀북스',NULL),(148,'문학예술출판사',NULL),(149,'미래를 소유한 사람들',NULL),(150,'미래를소유한사람들',NULL),(151,'미래아이',NULL),(152,'미래엔',NULL),(153,'미래엔 :Mirea N 아이세움',NULL),(154,'미래와경영',NULL),(155,'미르',NULL),(156,'미술시대',NULL),(157,'민음사',NULL),(158,'민중출판사',NULL),(159,'바다출판사',NULL),(160,'바라미디어',NULL),(161,'바람의아이들',NULL),(162,'바보물고기',NULL),(163,'바우솔',NULL),(164,'바우솔:풀과바람',NULL),(165,'바움',NULL),(166,'박영사',NULL),(167,'반디',NULL),(168,'밝은 세상',NULL),(169,'밝은미래',NULL),(170,'버튼북스',NULL),(171,'범우사',NULL),(172,'베틀북',NULL),(173,'보고사',NULL),(174,'보리',NULL),(175,'보림',NULL),(176,'보림출판사',NULL),(177,'보물상자',NULL),(178,'보물창고',NULL),(179,'봄봄',NULL),(180,'부글books',NULL),(181,'부민문화사',NULL),(182,'부키',NULL),(183,'북노마드',NULL),(184,'북로드',NULL),(185,'북뱅',NULL),(186,'북뱅크',NULL),(187,'북스마니아',NULL),(188,'북스토리아이',NULL),(189,'북스피어',NULL),(190,'북포스',NULL),(191,'북폴리오',NULL),(192,'북폴리오(미래엔)',NULL),(193,'불광',NULL),(194,'블루홀6',NULL),(195,'비룡소',NULL),(196,'비아',NULL),(197,'비아북',NULL),(198,'비즈니스맵',NULL),(199,'비채',NULL),(200,'빛을여는책방',NULL),(201,'뿔',NULL),(202,'사람의무늬',NULL),(203,'사이언 북스',NULL),(204,'사이언스 북스',NULL),(205,'사이언스북스',NULL),(206,'사이언스주니어',NULL),(207,'사파리',NULL),(208,'산지니',NULL),(209,'산처럼',NULL),(210,'살림',NULL),(211,'살림어린이',NULL),(212,'살림출판사',NULL),(213,'삶이보이는창',NULL),(214,'삼성당',NULL),(215,'삼성비엔씨',NULL),(216,'삼성출판사',NULL),(217,'상상더하기',NULL),(218,'상상박물관',NULL),(219,'상수리',NULL),(220,'상수리나무',NULL),(221,'새물결',NULL),(222,'새움',NULL),(223,'새터',NULL),(224,'샘터',NULL),(225,'생각나눔',NULL),(226,'생각의나무',NULL),(227,'서돌',NULL),(228,'서울문화사',NULL),(229,'서해문집',NULL),(230,'선인',NULL),(231,'섬아이',NULL),(232,'성균관대학교 출판부',NULL),(233,'성안당',NULL),(234,'성우주니어',NULL),(235,'세계사',NULL),(236,'세손',NULL),(237,'세인',NULL),(238,'세종서적',NULL),(239,'소금창고',NULL),(240,'소나무',NULL),(241,'소담출판사',NULL),(242,'소울메이트',NULL),(243,'솔',NULL),(244,'수린재',NULL),(245,'수오서재',NULL),(246,'숙명여자대학교출판국',NULL),(247,'스칼렛',NULL),(248,'스콜라',NULL),(249,'스타일북스',NULL),(250,'시공사',NULL),(251,'시공주니어',NULL),(252,'시사IN북',NULL),(253,'시와동화',NULL),(254,'신영사',NULL),(255,'실천문학',NULL),(256,'실천문학사',NULL),(257,'싸이프레스',NULL),(258,'쌤앤파커스',NULL),(259,'아가월드',NULL),(260,'아동문예사',NULL),(261,'아람',NULL),(262,'아롬주니어',NULL),(263,'아르볼(지학사)',NULL),(264,'아르테',NULL),(265,'아리샘',NULL),(266,'아시아',NULL),(267,'아이교육',NULL),(268,'아이세움',NULL),(269,'아이세움(i-seum)',NULL),(270,'아이세움(미래엔)',NULL),(271,'아이앤북',NULL),(272,'아이필드',NULL),(273,'아침나라',NULL),(274,'안드로메디안',NULL),(275,'알에이치코리아(RHK)',NULL),(276,'애플북스',NULL),(277,'야옹서가',NULL),(278,'양문',NULL),(279,'양철북',NULL),(280,'어린이중앙',NULL),(281,'어문학사',NULL),(282,'어크로스',NULL),(283,'엄지검지',NULL),(284,'에디터',NULL),(285,'에이엠스토리',NULL),(286,'에이지21',NULL),(287,'엠아이디(MID)',NULL),(288,'여명미디어',NULL),(289,'여우당',NULL),(290,'여원미디어',NULL),(291,'역사의아침',NULL),(292,'열린어린이',NULL),(293,'열린책들',NULL),(294,'열림원',NULL),(295,'열음사',NULL),(296,'예경',NULL),(297,'예담',NULL),(298,'예담friend',NULL),(299,'예림당',NULL),(300,'예손미디어',NULL),(301,'오늘의 책',NULL),(302,'오로라북스',NULL),(303,'오스카',NULL),(304,'왼쪽주머니',NULL),(305,'요다',NULL),(306,'우리교육',NULL),(307,'우리아이들',NULL),(308,'우리학교',NULL),(309,'웅진다책',NULL),(310,'웅진닷컴',NULL),(311,'웅진북클럽(웅진씽크빅)',NULL),(312,'웅진싱크빅',NULL),(313,'웅진씽크빅',NULL),(314,'웅진주니어',NULL),(315,'웅진지식하우스',NULL),(316,'워즈덤하우스',NULL),(317,'원더랜드',NULL),(318,'원앤원북스',NULL),(319,'월드베스트',NULL),(320,'웨일북',NULL),(321,'위즈덤하우스',NULL),(322,'위즈앤비즈',NULL),(323,'은행나무',NULL),(324,'은행나무출판사',NULL),(325,'이가',NULL),(326,'이룸',NULL),(327,'이산',NULL),(328,'이상',NULL),(329,'잇츠북',NULL),(330,'잉크',NULL),(331,'잎파랑',NULL),(332,'자모음',NULL),(333,'자유문고',NULL),(334,'자음과모음',NULL),(335,'작가',NULL),(336,'작가세계',NULL),(337,'장원교육',NULL),(338,'정신세계사',NULL),(339,'제이북',NULL),(340,'조선일보 생활미디어',NULL),(341,'좋은 생각',NULL),(342,'주니어 랜덤',NULL),(343,'주니어RHK',NULL),(344,'주니어김영사',NULL),(345,'중앙m＆b',NULL),(346,'중앙북스',NULL),(347,'중앙일보',NULL),(348,'중앙일보.문예중앙',NULL),(349,'지혜의정원',NULL),(350,'지호',NULL),(351,'진선',NULL),(352,'찰리북',NULL),(353,'창비',NULL),(354,'창비교육',NULL),(355,'창작과 비평사',NULL),(356,'창작과비평사',NULL),(357,'채움',NULL),(358,'책세상',NULL),(359,'책이있는마을',NULL),(360,'책읽는곰',NULL),(361,'처음',NULL),(362,'천개의바람',NULL),(363,'청어람미디어',NULL),(364,'초록우체통',NULL),(365,'코너스톤',NULL),(366,'코믹컴',NULL),(367,'콜라주(문학동네)',NULL),(368,'큰글',NULL),(369,'큰나',NULL),(370,'키즈엠',NULL),(371,'키큰도토리',NULL),(372,'탐',NULL),(373,'태동출판사',NULL),(374,'터치북스',NULL),(375,'테라',NULL),(376,'트로이목마',NULL),(377,'틔움',NULL),(378,'파란자전거',NULL),(379,'파란정원',NULL),(380,'파랑새어린이',NULL),(381,'판미동',NULL),(382,'팝콘북스',NULL),(383,'포에버북스',NULL),(384,'푸른숲',NULL),(385,'푸른숲주니어',NULL),(386,'푸른숲출판사',NULL),(387,'푸른책들',NULL),(388,'프레너미',NULL),(389,'프롬북스',NULL),(390,'프뢰벨',NULL),(391,'프리즘하우스',NULL),(392,'필름(Feelm) 출판사',NULL),(393,'하늘고래',NULL),(394,'하늘연못',NULL),(395,'하늘을나는코끼리',NULL),(396,'하루헌',NULL),(397,'하서',NULL),(398,'학고재',NULL),(399,'한결',NULL),(400,'한국가우스',NULL),(401,'한국경제신문',NULL),(402,'한국듀이',NULL),(403,'한국몬테소리',NULL),(404,'한국삐아제',NULL),(405,'한국셰익스피어',NULL),(406,'한국슈타이너',NULL),(407,'한국지방자치연구원',NULL),(408,'한국톨스토이',NULL),(409,'한국헤르만헤세',NULL),(410,'한국헤밍웨이',NULL),(411,'한문화멀티미디어',NULL),(412,'한빛비즈',NULL),(413,'한샘닷컴',NULL),(414,'한솔교육',NULL),(415,'한스미디',NULL),(416,'한스미디어',NULL),(417,'한스미디어(한즈미디어)',NULL),(418,'해냄',NULL),(419,'해문출판사',NULL),(420,'해와나무',NULL),(421,'행성B(행성비)',NULL),(422,'행정자치부',NULL),(423,'현대문학',NULL),(424,'현문미디어',NULL),(425,'현북스',NULL),(426,'현암사',NULL),(427,'현암주니어',NULL),(428,'현자의마을',NULL),(429,'홍신문화사',NULL),(430,'환경재단 도요새',NULL),(431,'황금가지',NULL),(432,'황금나침반',NULL),(433,'황금알',NULL),(434,'효리원',NULL),(435,'휘슬러',NULL),(436,'휴머니스트',NULL),(437,'휴먼앤북스',NULL),(438,'휴이넘',NULL),(439,'흐름출판',NULL),(440,'新光出版社',NULL),(441,'明文堂',NULL),(442,'法文社',NULL),(443,'螢雪出版社',NULL);
/*!40000 ALTER TABLE `publisher_mst` ENABLE KEYS */;
UNLOCK TABLES;

--
-- Dumping events for database 'db_study3'
--

--
-- Dumping routines for database 'db_study3'
--
/*!50003 DROP PROCEDURE IF EXISTS `insert_product` */;
/*!50003 SET @saved_cs_client      = @@character_set_client */ ;
/*!50003 SET @saved_cs_results     = @@character_set_results */ ;
/*!50003 SET @saved_col_connection = @@collation_connection */ ;
/*!50003 SET character_set_client  = utf8mb4 */ ;
/*!50003 SET character_set_results = utf8mb4 */ ;
/*!50003 SET collation_connection  = utf8mb4_0900_ai_ci */ ;
/*!50003 SET @saved_sql_mode       = @@sql_mode */ ;
/*!50003 SET sql_mode              = 'ONLY_FULL_GROUP_BY,STRICT_TRANS_TABLES,NO_ZERO_IN_DATE,NO_ZERO_DATE,ERROR_FOR_DIVISION_BY_ZERO,NO_ENGINE_SUBSTITUTION' */ ;
DELIMITER ;;
CREATE DEFINER=`root`@`localhost` PROCEDURE `insert_product`(_product_name VARCHAR(45))
BEGIN
	DECLARE new_key varchar(45);
    
    SELECT
		concat('prm', lpad(count(*) + 1, '6', '0')) INTO new_key
	from
		product_mst;
        
	INSERT INTO product_mst
    VALUES (new_key, _product_name);
		
END ;;
DELIMITER ;
/*!50003 SET sql_mode              = @saved_sql_mode */ ;
/*!50003 SET character_set_client  = @saved_cs_client */ ;
/*!50003 SET character_set_results = @saved_cs_results */ ;
/*!50003 SET collation_connection  = @saved_col_connection */ ;

--
-- Current Database: `chatting`
--

CREATE DATABASE /*!32312 IF NOT EXISTS*/ `chatting` /*!40100 DEFAULT CHARACTER SET utf8mb4 COLLATE utf8mb4_0900_ai_ci */ /*!80016 DEFAULT ENCRYPTION='N' */;

USE `chatting`;

--
-- Table structure for table `role_dtl`
--

DROP TABLE IF EXISTS `role_dtl`;
/*!40101 SET @saved_cs_client     = @@character_set_client */;
/*!50503 SET character_set_client = utf8mb4 */;
CREATE TABLE `role_dtl` (
  `role_dtl_id` int NOT NULL AUTO_INCREMENT,
  `role_id` int NOT NULL,
  `user_id` int NOT NULL,
  PRIMARY KEY (`role_dtl_id`)
) ENGINE=InnoDB AUTO_INCREMENT=12 DEFAULT CHARSET=utf8mb4 COLLATE=utf8mb4_0900_ai_ci;
/*!40101 SET character_set_client = @saved_cs_client */;

--
-- Dumping data for table `role_dtl`
--

LOCK TABLES `role_dtl` WRITE;
/*!40000 ALTER TABLE `role_dtl` DISABLE KEYS */;
INSERT INTO `role_dtl` VALUES (1,1,1),(2,2,1),(3,3,1),(4,1,0),(5,2,25),(6,3,25),(7,3,29),(8,3,30),(9,3,31),(10,3,32),(11,3,33);
/*!40000 ALTER TABLE `role_dtl` ENABLE KEYS */;
UNLOCK TABLES;

--
-- Table structure for table `role_mst`
--

DROP TABLE IF EXISTS `role_mst`;
/*!40101 SET @saved_cs_client     = @@character_set_client */;
/*!50503 SET character_set_client = utf8mb4 */;
CREATE TABLE `role_mst` (
  `role_id` int NOT NULL AUTO_INCREMENT,
  `role_name` varchar(45) NOT NULL,
  PRIMARY KEY (`role_id`)
) ENGINE=InnoDB AUTO_INCREMENT=5 DEFAULT CHARSET=utf8mb4 COLLATE=utf8mb4_0900_ai_ci;
/*!40101 SET character_set_client = @saved_cs_client */;

--
-- Dumping data for table `role_mst`
--

LOCK TABLES `role_mst` WRITE;
/*!40000 ALTER TABLE `role_mst` DISABLE KEYS */;
INSERT INTO `role_mst` VALUES (1,'ROLE_ADMIN'),(2,'ROLE_MANAGER'),(3,'ROLE_USER'),(4,'ROLE_TESTER');
/*!40000 ALTER TABLE `role_mst` ENABLE KEYS */;
UNLOCK TABLES;

--
-- Table structure for table `user_dtl`
--

DROP TABLE IF EXISTS `user_dtl`;
/*!40101 SET @saved_cs_client     = @@character_set_client */;
/*!50503 SET character_set_client = utf8mb4 */;
CREATE TABLE `user_dtl` (
  `user_id` int NOT NULL,
  `gender` int DEFAULT NULL,
  `birthday` date DEFAULT NULL,
  `address` varchar(100) DEFAULT NULL,
  PRIMARY KEY (`user_id`)
) ENGINE=InnoDB DEFAULT CHARSET=utf8mb4 COLLATE=utf8mb4_0900_ai_ci;
/*!40101 SET character_set_client = @saved_cs_client */;

--
-- Dumping data for table `user_dtl`
--

LOCK TABLES `user_dtl` WRITE;
/*!40000 ALTER TABLE `user_dtl` DISABLE KEYS */;
/*!40000 ALTER TABLE `user_dtl` ENABLE KEYS */;
UNLOCK TABLES;

--
-- Table structure for table `user_mst`
--

DROP TABLE IF EXISTS `user_mst`;
/*!40101 SET @saved_cs_client     = @@character_set_client */;
/*!50503 SET character_set_client = utf8mb4 */;
CREATE TABLE `user_mst` (
  `user_id` int NOT NULL AUTO_INCREMENT,
  `username` varchar(45) NOT NULL,
  `password` varchar(100) NOT NULL,
  `name` varchar(45) NOT NULL,
  `email` varchar(45) NOT NULL,
  PRIMARY KEY (`user_id`),
  UNIQUE KEY `username_UNIQUE` (`username`),
  UNIQUE KEY `email_UNIQUE` (`email`)
) ENGINE=InnoDB AUTO_INCREMENT=37 DEFAULT CHARSET=utf8mb4 COLLATE=utf8mb4_0900_ai_ci;
/*!40101 SET character_set_client = @saved_cs_client */;

--
-- Dumping data for table `user_mst`
--

LOCK TABLES `user_mst` WRITE;
/*!40000 ALTER TABLE `user_mst` DISABLE KEYS */;
INSERT INTO `user_mst` VALUES (1,'aaa','1234','홍길동','aaa@gmail.com'),(25,'bbb','1234','bbb','bbb@gmail.com'),(26,'ccc','$2a$10$Gc07rbB1V5A/RuLXIfdZC.enH5/uowrMiih01GqL8qhy0GOAlf7eG','ccc','ccc@gmail.com'),(27,'ddd','$2a$10$MR4wRdq13y63y1oJ1uc21.FfMN6Bn6n8QtnL3lAyfuCaX.CVlRpnO','ddd','ddd@gmail.com'),(28,'fff','$2a$10$KsSepi7RNPjwHlD1JGxM1.kMlRxc/LOO5opbDUznUa1DDVsZbd9fC','fff','fff@gmail.com'),(29,'ttt','$2a$10$N7AskoeVKsG4wyCiPX6Gqew3KpHCX9qLegpRqFAg6WZTzGMHaKAKe','ttt','ttt@gmail.com'),(30,'www','$2a$10$ObFxjo6yaq3JajnH.aOWc.DkaIMKOWO9v1zH4flBSMyPRTJFXHe8C','www','www@gmail.com'),(31,'yyy','$2a$10$oBRMPLlG6qXpjwcSw5/C8eaVfsekXQgWHantck0MQfwhtQRY/Cu5W','yyy','yyy@gmail.com'),(32,'hhh','$2a$10$cS9RJo.lS3DiE/E5l1Pb7e./fHre6YmQPeMX1N0uWK6p9rQh6yVOW','hhh','hhh@gmail.com'),(33,'jjj','$2a$10$Gqf82mjrd/s8Ef5gd9xv1.t/StqxSotyl7D0uH9ezPHfiKy0.yrqm','jjj','jjj@gmail.com');
/*!40000 ALTER TABLE `user_mst` ENABLE KEYS */;
UNLOCK TABLES;
/*!50003 SET @saved_cs_client      = @@character_set_client */ ;
/*!50003 SET @saved_cs_results     = @@character_set_results */ ;
/*!50003 SET @saved_col_connection = @@collation_connection */ ;
/*!50003 SET character_set_client  = utf8mb4 */ ;
/*!50003 SET character_set_results = utf8mb4 */ ;
/*!50003 SET collation_connection  = utf8mb4_0900_ai_ci */ ;
/*!50003 SET @saved_sql_mode       = @@sql_mode */ ;
/*!50003 SET sql_mode              = 'ONLY_FULL_GROUP_BY,STRICT_TRANS_TABLES,NO_ZERO_IN_DATE,NO_ZERO_DATE,ERROR_FOR_DIVISION_BY_ZERO,NO_ENGINE_SUBSTITUTION' */ ;
DELIMITER ;;
/*!50003 CREATE*/ /*!50017 DEFINER=`root`@`localhost`*/ /*!50003 TRIGGER `user_mst_AFTER_INSERT` AFTER INSERT ON `user_mst` FOR EACH ROW begin
    insert into user_dtl(user_id)
    values (NEW.user_id);
end */;;
DELIMITER ;
/*!50003 SET sql_mode              = @saved_sql_mode */ ;
/*!50003 SET character_set_client  = @saved_cs_client */ ;
/*!50003 SET character_set_results = @saved_cs_results */ ;
/*!50003 SET collation_connection  = @saved_col_connection */ ;
/*!50003 SET @saved_cs_client      = @@character_set_client */ ;
/*!50003 SET @saved_cs_results     = @@character_set_results */ ;
/*!50003 SET @saved_col_connection = @@collation_connection */ ;
/*!50003 SET character_set_client  = utf8mb4 */ ;
/*!50003 SET character_set_results = utf8mb4 */ ;
/*!50003 SET collation_connection  = utf8mb4_0900_ai_ci */ ;
/*!50003 SET @saved_sql_mode       = @@sql_mode */ ;
/*!50003 SET sql_mode              = 'ONLY_FULL_GROUP_BY,STRICT_TRANS_TABLES,NO_ZERO_IN_DATE,NO_ZERO_DATE,ERROR_FOR_DIVISION_BY_ZERO,NO_ENGINE_SUBSTITUTION' */ ;
DELIMITER ;;
/*!50003 CREATE*/ /*!50017 DEFINER=`root`@`localhost`*/ /*!50003 TRIGGER `user_mst_BEFORE_DELETE` BEFORE DELETE ON `user_mst` FOR EACH ROW begin
    delete
    from
        role_dtl
    where
            user_id = old.user_id;

    delete
    from
        user_dtl
    where
            user_id = old.user_id;
end */;;
DELIMITER ;
/*!50003 SET sql_mode              = @saved_sql_mode */ ;
/*!50003 SET character_set_client  = @saved_cs_client */ ;
/*!50003 SET character_set_results = @saved_cs_results */ ;
/*!50003 SET collation_connection  = @saved_col_connection */ ;

--
-- Dumping events for database 'chatting'
--

--
-- Dumping routines for database 'chatting'
--
/*!50003 DROP PROCEDURE IF EXISTS `show_all_user_mst` */;
/*!50003 SET @saved_cs_client      = @@character_set_client */ ;
/*!50003 SET @saved_cs_results     = @@character_set_results */ ;
/*!50003 SET @saved_col_connection = @@collation_connection */ ;
/*!50003 SET character_set_client  = utf8mb4 */ ;
/*!50003 SET character_set_results = utf8mb4 */ ;
/*!50003 SET collation_connection  = utf8mb4_0900_ai_ci */ ;
/*!50003 SET @saved_sql_mode       = @@sql_mode */ ;
/*!50003 SET sql_mode              = 'ONLY_FULL_GROUP_BY,STRICT_TRANS_TABLES,NO_ZERO_IN_DATE,NO_ZERO_DATE,ERROR_FOR_DIVISION_BY_ZERO,NO_ENGINE_SUBSTITUTION' */ ;
DELIMITER ;;
CREATE DEFINER=`root`@`localhost` PROCEDURE `show_all_user_mst`(_MSG varchar(30))
BEGIN
	select
		_MSG as MESSAGE,
		user_id,
        username,
        password,
        name,
        email
	from
		user_mst;
END ;;
DELIMITER ;
/*!50003 SET sql_mode              = @saved_sql_mode */ ;
/*!50003 SET character_set_client  = @saved_cs_client */ ;
/*!50003 SET character_set_results = @saved_cs_results */ ;
/*!50003 SET collation_connection  = @saved_col_connection */ ;

--
-- Current Database: `db_study3`
--

USE `db_study3`;

--
-- Final view structure for view `library_view`
--

/*!50001 DROP VIEW IF EXISTS `library_view`*/;
/*!50001 SET @saved_cs_client          = @@character_set_client */;
/*!50001 SET @saved_cs_results         = @@character_set_results */;
/*!50001 SET @saved_col_connection     = @@collation_connection */;
/*!50001 SET character_set_client      = utf8mb4 */;
/*!50001 SET character_set_results     = utf8mb4 */;
/*!50001 SET collation_connection      = utf8mb4_0900_ai_ci */;
/*!50001 CREATE ALGORITHM=UNDEFINED */
/*!50013 DEFINER=`root`@`localhost` SQL SECURITY DEFINER */
/*!50001 VIEW `library_view` AS select row_number() OVER (ORDER BY `library_mst`.`도서관명` )  AS `도서관순번`,`library_mst`.`도서관명` AS `도서관명` from `library_mst` group by `library_mst`.`도서관명` */;
/*!50001 SET character_set_client      = @saved_cs_client */;
/*!50001 SET character_set_results     = @saved_cs_results */;
/*!50001 SET collation_connection      = @saved_col_connection */;

--
-- Current Database: `chatting`
--

USE `chatting`;
/*!40103 SET TIME_ZONE=@OLD_TIME_ZONE */;

/*!40101 SET SQL_MODE=@OLD_SQL_MODE */;
/*!40014 SET FOREIGN_KEY_CHECKS=@OLD_FOREIGN_KEY_CHECKS */;
/*!40014 SET UNIQUE_CHECKS=@OLD_UNIQUE_CHECKS */;
/*!40101 SET CHARACTER_SET_CLIENT=@OLD_CHARACTER_SET_CLIENT */;
/*!40101 SET CHARACTER_SET_RESULTS=@OLD_CHARACTER_SET_RESULTS */;
/*!40101 SET COLLATION_CONNECTION=@OLD_COLLATION_CONNECTION */;
/*!40111 SET SQL_NOTES=@OLD_SQL_NOTES */;

-- Dump completed on 2023-02-01 12:44:21
